vnum,is_monster,image_name1,image_name2,year
14000,0,Braceletdebois.png,,2010
12620,0,Chapeaudemoine.png,,2010
12660,0,Chaplumieredusol.png,,2010
12640,0,Chapeaudephoenix.png,,2010
12340,0,Capuchonencuir.png,,2010
12360,0,Capuchondemaille.png,,2010
12380,0,Capuchondefer.png,,2010
12240,0,Casquemasquespectr.png,,2010
13000,0,Bouclierdebataille.png,,2010
13020,0,Bouclierpentagonal.png,,2010
13040,0,Bouclierrondnoir.png,,2010
13060,0,Bouclierdufaucon.png,,2010
13100,0,Boucltrancdulion.png,,2010
13080,0,Boucliertigresinge.png,,2010
13120,0,Bouclecailledragon.png,,2010
14140,0,Braceletdorblanc.png,,2010
14020,0,Braceletdecuivre.png,,2010
14040,0,Braceletdargent.png,,2010
14060,0,Braceletdor.png,,2010
14080,0,Braceletdejade.png,,2010
14100,0,Braceletdebene.png,,2010
14120,0,Braceletdeperles.png,,2010
14160,0,Braceletdecristal.png,,2010
14180,0,Braceletdamethyste.png,,2010
14200,0,Braceletlarmeceleste.png,,2010
11200,0,Armuredusinge.png,,2010
11600,0,Armurederequiem.png,,2010
11610,0,Armuretempetueuse.png,,2010
11620,0,Armuredemalchance.png,,2010
11220,0,Armuredutigretapi.png,,2010
11210,0,Armuredefer.png,,2010
11230,0,Armuredulion.png,,2010
11630,0,Armuredefantome.png,,2010
15000,0,Chaussuresdecuir.png,,2010
50082,0,BoiteBoss.png,,2010
30010,0,Biledours.png,,2010
11290,0,Armuredaciernoir.png,,2010
11690,0,Armuredemagienoire.png,,2010
30071,0,Biledours.png,,2010
27799,0,Arete.png,,2010
30007,0,Amulettedorc.png,,2010
30076,0,Amulettedorc.png,,2010
15020,0,Chaussuresdebambou.png,,2010
15040,0,Chaussuresdebois.png,,2010
15060,0,Chaussuresfildor.png,,2010
15080,0,Bottesdecuir.png,,2010
15100,0,Chaussuresenor.png,,2010
15120,0,Bottesdebronze.png,,2010
15140,0,Chaussuresdejade.png,,2010
15160,0,Chaussuresdextase.png,,2010
15180,0,Bottesdesnimbes.png,,2010
15220,0,Chaussoiseaudefeu.png,,2010
15200,0,Chaussuresdephoenix.png,,2010
50110,0,Boitedebenedapparat.png,,2010
50111,0,Boitedebenejaune.png,,2010
50112,0,Boitedebenevertclair.png,,2010
50113,0,Boitedebeneverte.png,,2010
50114,0,Boitedebenebleue.png,,2010
50115,0,Boitedebenepourpre.png,,2010
17000,0,Bouclesoreillebois.png,,2010
17020,0,Bouclesoreillecuivre.png,,2010
17040,0,Bouclesoreilleargent.png,,2010
17060,0,Bouclesdoreilleor.png,,2010
17080,0,Bouclesoreillejade.png,,2010
17100,0,Bouclesoreilleebene.png,,2010
17120,0,Bouclesoreilleperle.png,,2010
17140,0,Boucleoreilorblanc.png,,2010
17160,0,Bouclesoreilcristal.png,,2010
17180,0,Boucleoreilleamethyste.png,,2010
17200,0,Boucleoreillelarmeceleste.png,,2010
60001,0,Bile.png,,2010
27988,0,Carteautresor.png,,2010
30136,0,Arcouvrage.png,,2010
30101,0,Alliancedariyoung.png,,2010
30130,0,Bouteillevidequete.png,,2010
30184,0,Cendresensorcelees.png,,2010
70009,0,Coffredargent.png,,2010
11640,0,Armureduyinyang.png,,2010
11650,0,Armuremystiquenoir.png,,2010
11660,0,Armurenebuleuse.png,,2010
11670,0,Armvisagespectrale.png,,2010
11680,0,Armuredesprit.png,,2010
11280,0,Armuredudieudragon.png,,2010
11270,0,Armurebalanceor.png,,2010
11260,0,Armbalancebleue.png,,2010
11250,0,Armbalancedudragon.png,,2010
11240,0,Armuremortelle.png,,2010
50081,0,BoiteBoss.png,,2010
50078,0,BoiteBoss.png,,2010
50079,0,BoiteBoss.png,,2010
50077,0,BoiteBoss.png,,2010
50076,0,BoiteBoss.png,,2010
50073,0,BoiteBoss.png,,2010
50070,0,BoiteBoss.png,,2010
50037,0,Boitehexagonale.png,,2010
50096,0,Ballondefoot.png,,2010
40,0,Canneepee.png,,2010
2000,0,Arccourt.png,,2011
2010,0,Arclong.png,,2011
2020,0,Arccomposite.png,,2011
2030,0,Arcdebataille.png,,2011
2040,0,Arclongdecavalerie.png,,2011
2050,0,Arcdebatcavalerie.png,,2011
2150,0,Arcacornes.png,,2011
2060,0,Arccuivre.png,,2011
2070,0,Arcderuinenoire.png,,2011
2090,0,Arcdefeuillesepin.png,,2011
2080,0,Arcdoeilrouge.png,,2011
2100,0,Arccornesdetaureau.png,,2011
2110,0,Arcdelicorne.png,,2011
2120,0,Arcdailegeante.png,,2011
2130,0,Arcdabricotdivin.png,,2011
2140,0,Arcgeantdragjaune.png,,2011
2180,0,Arcdudragonbleu.png,,2011
2170,0,Arcdecorbeaudacier.png,,2011
2160,0,Arcdiaboliquegeant.png,,2011
4000,0,Amija.png,,2020
50109,0,Boitedebenerouge.png,,2012
30196,0,Cendresdedemon.png,,2012
12010,0,Armuredacierazure.png,,2012
14220,0,Braceletcristaldame.png,,2012
17220,0,Bouclescristaldame.png,,2012
13140,0,Bouclierdestitans.png,,2012
12670,0,Chapeaudecardinal.png,,2012
12390,0,Capuchonorc.png,,2012
12680,0,Chapeaudeclatdame.png,,2012
12400,0,Capuchonarachnoide.png,,2012
15370,0,Chaussesdeuphorie.png,,2012
15390,0,Bottesaureolees.png,,2012
15410,0,Bottesdeqilin.png,,2012
15430,0,Bottesdoiseauglace.png,,2012
50186,0,BoiteBoss.png,,2012
30179,0,Cleenspirale.png,,2012
50215,0,Coffredhalloween1.png,,2012
53005,0,Bebeazrael.png,Bebeazraelapparence.png,2012
50187,0,Coffredapprenti.png,,2012
50188,0,Coffredapprenti.png,,2012
50189,0,Coffredapprenti.png,,2012
50190,0,Coffredapprenti.png,,2012
50191,0,Coffredapprenti.png,,2012
50192,0,Coffredapprenti.png,,2012
50196,0,Coffredapprenti.png,,2012
31003,0,Antidote.png,,2012
70048,0,Capedelevade.png,,2013
50726,0,Champignontue.png,,2013
50722,0,Campanule.png,,2013
50728,0,Baie.png,,2013
50124,0,Boiteenboisuse.png,,2013
50901,0,Bouteillevide.png,,2013
71070,0,Braceletdamour.png,,2013
71071,0,Bouclesdoreilleamour.png,,2013
70049,0,Anneaudelucie.png,,2013
71145,0,Amulettedelamoureternel.png,,2013
71147,0,Coffredamorbleu1.png,,2013
50025,0,Chocolat.png,,2013
1090,0,Chakram.png,,2013
14500,0,Braceletrubis.png,,2013
14520,0,Braceletgrenat.png,,2013
14540,0,Braceletemeraude.png,,2013
14560,0,Braceletsaphir.png,,2013
20000,0,Armurecornedudiable.png,,2013
20500,0,Armureplatesdos.png,,2013
1130,0,Chakramailedudiable.png,,2013
71149,0,Anneaudeforcemortelle.png,,2013
71148,0,Anneaudevolonte.png,,2013
5340,0,Clochedespritdragon.png,,2013
2370,0,Arcduphenix.png,,2013
17500,0,Bouclesrubis.png,,2013
17520,0,Bouclesgrenat.png,,2013
17540,0,Bouclesemeraude.png,,2013
17560,0,Bouclessaphir.png,,2013
38055,0,Caisseapetits.png,,2013
30515,0,Acierdedragonviolet.png,,2013
53009,0,Leonidas.png,Baobaoapparence.png,2013
50254,0,BoiteBoss.png,,2013
50008,0,Cledor.png,,2013
50009,0,Cledargent.png,,2013
30509,0,Acierdedragonbleu.png,,2013
30512,0,Acierdedragonrouge.png,,2013
30507,0,Bagueenbronze.png,,2013
30504,0,Bagueenargent.png,,2013
30501,0,Bagueenor.png,,2013
30520,0,Boucledoree.png,,2013
30522,0,Chainon.png,,2013
50012,0,Coffreautresordor.png,,2013
50006,0,Coffreautresordor.png,,2013
71135,0,Anneaucroissantdelune.png,,2013
70052,0,Amulettedorc.png,,2013
50033,0,Boitemysterieuse.png,,2013
50007,0,Coffredargent.png,,2013
50013,0,Coffredargent.png,,2013
53007,0,Bambi.png,Bambiapparence.png,2013
50120,0,Coffreenfer.png,,2013
53016,0,Boney.png,Boneyapparence.png,2013
18000,0,Ceintureenlin.png,,2013
18010,0,Ceintureencuir.png,,2013
18020,0,Ceinturedapparat.png,,2013
18030,0,Ceinturedesagesse.png,,2013
18080,0,Ceinturedesprit.png,,2013
18040,0,Ceintureroyale.png,,2013
18050,0,Ceinturetenebreuse.png,,2013
18060,0,Ceinturerunique.png,,2013
18070,0,Ceinturegrandeourse.png,,2013
72702,0,Bottesduvent.png,,2014
38053,0,Coffredhivereternel.png,,2014
71172,0,Carnemar.png,Carnemarapparence.png,2014
50265,0,Ballondefootdore.png,,2014
53223,0,Balayette.png,Balayetteapparence.png,2015
21000,0,Armureduventceleste.png,,2015
21010,0,Armuredelouragan.png,,2015
21020,0,Armuredemalachite.png,,2015
21030,0,Armuredelorage.png,,2015
21040,0,Armuredebronze.png,,2015
21050,0,Armuredekobold.png,,2015
21060,0,Armuredefirellium.png,,2015
21070,0,Armuredombre.png,,2015
21080,0,Armurederodeur.png,,2015
21090,0,Armuredegeneral.png,,2015
13160,0,Boucldes3empereurs.png,,2015
14570,0,Braceletdetourmaline.png,,2015
18090,0,Ceinturedetourmaline.png,,2015
38056,0,Coffredefete.png,,2015
50130,0,Coffredujeuxdete.png,,2015
20830,0,Armureinfernale.png,,2015
20930,0,Armuredufeunoir.png,,2015
20810,0,Armuredemagma.png,,2015
20910,0,Armupluiedecendr.png,,2015
20850,0,Armuredagate.png,,2015
20950,0,Armuredonyx.png,,2015
20780,0,Armuregriffededemon.png,,2015
20880,0,Armuredefeufollet.png,,2015
20760,0,Armuredaurore.png,,2015
20860,0,Armureosdebaleine.png,,2015
20800,0,Armuguerdelomb.png,,2015
20900,0,Armurepierredelune.png,,2015
15440,0,Chaussuresdefeu.png,,2015
15450,0,Chaussuresdocean.png,,2015
50269,0,Coffredebronzeokey.png,,2015
50268,0,Coffreargenteokey.png,,2015
71196,0,Boitedebronzeokey.png,,2015
71195,0,Boiteargenteeokey.png,,2015
71194,0,Boitedoreeokey.png,,2015
50323,0,Coffrelivredeparade.png,,2015
50324,0,Coffrelivredebonus.png,,2015
53232,0,Bebehuashin.png,Bebehuashinapparence.png,2015
30617,0,Agate.png,,2015
40124,0,Arcelfique+.png,,2015
30339,0,Bondapparencedarme.png,,2015
30339,0,Bondapparencedarme+.png,,2015
53538,0,Autelderobin.png,,2015
53543,0,Autelderobin.png,,2016
53544,0,Autelderobin.png,,2016
53542,0,Autelderobin.png,,2016
53541,0,Autelderobin.png,,2016
71199,0,Chocoamulette.png,,2016
71190,0,Boiteacitrouille.png,,2016
53233,0,Bruce.png,Bruceapparence.png,2016
71143,0,Anneaudelajoie.png,,2016
71131,0,Sceauduchevalnoir.png,Chevalnoirapparence.png,2016
53220,0,Leonidas.png,Bebeleopardapparence.png,2016
53218,0,Leonidas.png,Bebepanthereapparence.png,2016
53225,0,Clochette.png,Clochetteapparence.png,2016
53539,0,Autelderobin.png,,2016
53230,0,Brebisblanche.png,Brebisblancheapparence.png,2016
53231,0,Belierbleu.png,Belierbleuapparence.png,2016
50274,0,Coffrechassbossbronze.png,,2016
50273,0,Coffrechasseurdebossargent.png,,2016
50272,0,Coffrechassbossor.png,,2016
53533,0,Autelderobin.png,,2016
53534,0,Autelderobin.png,,2016
54704,0,Coffredejotunthrym.png,,2016
21550,0,Casquedragonacorne.png,,2016
12690,0,Casquedacierdragon.png,,2016
12710,0,Casquedragonblinde.png,,2016
12700,0,Capuchededragon.png,,2016
50288,0,Caissedufront2.png,,2016
50287,0,Caissedufront1.png,,2016
53551,0,Autelderobin.png,,2016
53549,0,Autelderobin.png,,2016
53550,0,Autelderobin.png,,2016
12730,0,Casquedacierdragon.png,,2017
12750,0,Casquedragonblinde.png,,2017
12760,0,Coiffededragon.png,,2017
12770,0,Casquedragonacorne.png,,2017
54700,0,Coffredeberansetaou.png,,2017
54701,0,Coffredebagjanamu.png,,2017
19290,0,Armureduzodiaque.png,,2017
71233,0,Bernie.png,Bernieapparence.png,2017
71234,0,Bluebarry.png,Bluebarryapparence.png,2017
2200,0,Arcduzodiaque.png,,2018
5160,0,Clocheduzodiaque.png,,2018
2500,0,Arcdekyanite.png,,2018
50930,0,Butinroyalenbronze.png,,2018
50929,0,Butinroyalenargent.png,,2018
50928,0,Butinroyalenor.png,,2018
71202,0,Amulettedenazar.png,,2018
83025,0,Boitedenarcisses.png,,2018
83026,0,Boitedelys.png,,2018
83027,0,Boitedetournesols.png,,2018
83024,0,Boitedemuguets.png,,2018
83023,0,Boitedechrysanthemes.png,,2018
25121,0,Chrysantheme.png,,2018
53540,0,Autelderobin.png,,2018
54705,0,Coffredelhydre.png,,2018
50333,0,Parchemindulieu.png,,2022
56000,0,Sceauappaloosa.png,Appaloosaapparence.png,2018
53265,0,Astrabelle.png,Astrabelleapparence.png,2018
30630,0,Ailesdedragon.png,,2018
83009,0,Caissedefamilier.png,,2018
83035,0,Boitetriomonstbronze.png,,2019
83033,0,Boitetriomonstreor.png,,2019
83039,0,Coffredudieudragon.png,,2019
39085,0,Seclatdecasquei.png,,2020
39088,0,Seclatdecasqueii.png,,2020
39086,0,Geclatdecasquei.png,,2020
39089,0,Geclatdecasqueii.png,,2020
39087,0,Veclatdecasquei.png,,2020
39090,0,Veclatdecasqueii.png,,2020
39103,0,Peclatdecasqueii.png,,2020
39106,0,Meclatdecasqueii.png,,2020
39092,0,Geclatdarmurei.png,,2020
39095,0,Geclatdarmureii.png,,2020
39091,0,Seclatdarmurei.png,,2020
39094,0,Seclatdarmureii.png,,2020
39093,0,Veclatdarmurei.png,,2020
39096,0,Veclatdarmureii.png,,2020
39104,0,Peclatdarmureii.png,,2020
39107,0,Meclatdarmureii.png,,2020
39098,0,Geclatdarmei.png,,2020
39101,0,Geclatdarmeii.png,,2020
39097,0,Seclatdarmei.png,,2020
39100,0,Seclatdarmeii.png,,2020
39099,0,Veclatdarmei.png,,2020
39102,0,Veclatdarmeii.png,,2020
39105,0,Peclatdarmeii.png,,2020
39108,0,Meclatdarmeii.png,,2020
31139,0,Coffredeberansetaouev.png,,2020
31121,0,Acier.png,,2020
31140,0,Coffredejotunthrymev.png,,2020
31143,0,Coffredeleveil.png,,2020
2210,0,Arcdudragonobscur.png,,2020
21230,0,Armuredudragonagite.png,,2020
21290,0,Armuredudragonceleste.png,,2020
21270,0,Armuredudragondiv.png,,2020
21250,0,Armuredudragonmag.png,,2020
21210,0,Armuredudragonobsc.png,,2020
31120,0,Abrasif.png,,2020
39068,0,Caisseafragmentornee.png,,2020
71236,0,Cerbereargent.png,Cerbereargentapparence.png,2020
71235,0,Cerbereor.png,Cerbereorapparence.png,2020
53282,0,Chatenflamclairvoyant.png,Chatenflamclairvoyantapparence.png,2020
53283,0,Chatgivreclairvoyant.png,Chatgivreclairvoyantapparence.png,2020
72735,0,Cofbonnefortunerouge.png,,2020
83016,0,Caisseauxmysteres.png,,2020
83004,0,Caissehalloweenh.png,,2020
83005,0,Caissechaphalloweenh.png,,2020
83010,0,Boiteaetole.png,,2020
83028,0,Caissehalloweenf.png,,2020
83006,0,Caissefamilierepouv.png,,2020
53254,0,Bouh.png,Bouhapparence.png,2020
83029,0,Caissechaphalloweenf.png,,2020
83007,0,Caissemontureepouvante.png,,2020
83008,0,Boiteabijoux.png,,2020
83014,0,Caissecordraconis.png,,2020
83011,0,Caissedornements.png,,2020
83013,0,Caissecrantee+.png,,2020
83015,0,Caissegaya.png,,2020
83017,0,Caisserubis.png,,2020
72734,0,Coffbonnefortunebleu.png,,2020
50528,0,BoiteBoss.png,,2020
83041,0,Coffrededevinor.png,,2020
55400,0,Caissealeatoire.png,,2020
83042,0,Coffrededevinargent.png,,2020
83043,0,Coffrededevinbronze.png,,2020
17570,0,Boreillejadenac.png,,2020
14580,0,Braceletjadeitenacr.png,,2020
14590,0,Braceletjadeitesol.png,,2020
17580,0,Boreillejadesol.png,,2020
14600,0,Braceletjadeitenoc.png,,2020
17590,0,Boreillejadenoc.png,,2020
14610,0,Braceletjadeitenuag.png,,2020
17600,0,Boreillejadenuag.png,,2020
72054,0,Amulettedesgardiens.png,,2020
53242,0,Bonsai.png,Bonsaiapparence.png,2021
39069,0,Caisseafragbrillant.png,,2021
53581,0,Caissedelementardent.png,,2021
53582,0,Caissedelementgivre.png,,2021
53583,0,Caissedelementeclair.png,,2021
53584,0,Caissedelementvent.png,,2021
53585,0,Caissedelementterre.png,,2021
53586,0,Caissedelementobscur.png,,2021
72062,0,Anneaudexperience200.png,,2021
71015,0,Anneaudexperience.png,,2021
83037,0,Boitedecartesdemonstreor.png,,2021
83036,0,Boitedecartesdemonstreargent.png,,2021
83034,0,Boitetriomonstargent.png,,2021
50182,0,Coffrebeni.png,,2021
71069,0,Anneauxdharmonie.png,,2021
53537,0,Autelderobin.png,,2021
53536,0,Autelderobin.png,,2021
39067,0,Caisseafragment.png,,2021
83018,0,Coffredanniversaire.png,,2021
50296,0,Coffreautresordor.png,,2021
50297,0,Coffreautresordor.png,,2021
50298,0,Coffreautresordor.png,,2021
50299,0,Coffreautresordor.png,,2021
83052,0,Coffreenfer.png,,2021
83053,0,Coffreenfer.png,,2021
12050,0,Armuredekyanite.png,,2021
53314,0,Astrabelle.png,Astrabelleapparence.png,2021
2246,0,Arcserpentfabr.png,,2021
5216,0,Clocheserpentfabr.png,,2021
2230,0,Arcserpent.png,,2021
83067,0,Coffreenfer.png,,2021
83054,0,Cleparfaite.png,,2021
5200,0,Clocheserpent.png,,2021
50702,0,Campanule.png,,2021
83055,0,Cofautresorplatine.png,,2021
50706,0,Champignontue.png,,2022
83065,0,Cofautresoraleatoire.png,,2022
83066,0,Cleautresoraleatoire.png,,2022
56013,0,Cleduroi.png,,2022
83061,0,Cofautresordedongan.png,,2022
83063,0,Cofautresordeseogan.png,,2022
83057,0,Cofautresordenamgan.png,,2022
83059,0,Cofautresordeyilad.png,,2022
83062,0,Cleautresordedongan.png,,2022
83056,0,Cleautresorplatine.png,,2022
53296,0,Chiotdamourtaquin.png,Chiotdamourtaquinapparence.png,2022
53297,0,Chiotdamourpataud.png,Chiotdamourpataudapparence.png,2022
53531,0,Autelderobin.png,,2022
83058,0,Cleautresordenamgan.png,,2022
83064,0,Cleautresordeseogan.png,,2022
83060,0,Cleautresordeyilad.png,,2022
40138,0,Arcdaquarus.png,,2022
50071,0,BoiteBoss.png,,2022
50074,0,BoiteBoss.png,,2022
83121,0,Recompensemercenaire2.png,,2022
70068,0,Filondejadeitemobile.png,,2022
83124,0,Recompensemercenaire2.png,,2022
70446,0,Coffredeladamnation.png,,2022
13210,0,Boucdeladamnation.png,,2022
70422,0,Cleserpent.png,,2022
70427,0,Cledeprison.png,,2022
53006,0,Bebeazraelor.png,Bebeazraelapparence.png,2022
53339,0,Chatangorablanc.png,Chatangorablancapparence.png,2022
53340,0,Chatangoramarron.png,Chatangoramarronapparence.png,2022
53341,0,Chatangorablanc.png,Chatangorablancapparence.png,2022
71243,0,Chevalnocturne.png,Chevalnocturneapparence.png,2022
53277,0,Chazooka.png,Chazookaapparence.png,2022
53278,0,Chamon.png,Chamonapparence.png,2022
40152,0,Arcdedokkaebi.png,,2022
70442,0,Caisseautresora.png,,2022
53307,0,Anubisbleunuit.png,Anubisbleunuitapparence.png,2022
53308,0,Anubissanguin.png,Anubissanguinapparence.png,2022
53288,0,Bebehuashinrouge.png,Bebehuashinrougeapparence.png,2022
53289,0,Bebehuashinblanc.png,Bebehuashinblancapparence.png,2022
53311,0,Baleinetueusepuissante.png,Baleinetueusepuissanteapparence.png,2022
53320,0,Blizzounours.png,Blizzounoursapparence.png,2022
53321,0,Blizzoursonne.png,Blizzoursonneapparence.png,2022
53249,0,Elferouge.png,Elferougeapparence.png,2022
71242,0,Chevalspectral.png,Chevalspectralapparence.png,2022
71247,0,Astre.png,Astreapparence.png,2022
18100,0,Ceintureentitane.png,,2022
53267,0,Astrabelle.png,Astrabelleapparence.png,2022
55070,0,Aptitudemonturecoffree.png,,2021
40187,0,Arcdugardancetre+.png,,2022
53323,0,Cercueilglauqueglacial.png,Cercueilglauqueglacialapparence.png,2022
53324,0,Cercueilglauquepourpre.png,Cercueilglauquepourpreapparence.png,2022
40110,0,Arccrante.png,,2022
70441,0,Caisseautresorb.png,,2022
70440,0,Caisseautresorc.png,,2022
53343,0,Balledechampion.png,Balledechampionapparence.png,2022
53342,0,Balledechampion.png,Balledechampionapparence.png,2022
40171,0,Brochettedesaucisses.png,,2022
40173,0,Arccremeglacee.png,,2022
70410,0,Clegeleealastor.png,,2023
83072,0,Coffredinvasion.png,,2023
53348,0,Baleinetueusefidele.png,Baleinetueusefideleapparence.png,2023
53243,0,Bonsai.png,Bonsaiapparence.png,2023
71146,0,Coffredamorrose1.png,,2023
71273,0,Balaimaudit.png,Balaimauditapparence.png,2023
71274,0,Balaiensorcele.png,Balaiensorceleapparence.png,2023
83073,0,Boitetriomonstreor.png,,2024
71278,0,Aquilos.png,Aquilosapparence.png,2024
21940,0,Justicierdedurandal.png,,2024
21960,0,Justicierdedurandal.png,,2024
21903,0,Boucherdorcs.png,,2024
21943,0,Boucherdorcs.png,,2024
21973,0,Boucherdorcs.png,,2024
21911,0,Daguedefeuillenoire.png,,2024
21971,0,Daguedefeuillenoire.png,,2024
21902,0,Capteurdereves.png,,2024
21904,0,Baiserdelfe.png,,2024
21914,0,Baiserdelfe.png,,2024
21924,0,Baiserdelfe.png,,2024
21974,0,Baiserdelfe.png,,2024
21935,0,Justicierdesveuves.png,,2024
0,0,Cledeladamnation.png,,2024
0,0,Cledeladamnation+.png,,2024
30040,0,Feuille.png,,2010
30088,0,Morceaudeglace.png,,2010
12480,0,Heaumesanglant.png,,2010
12500,0,Heaumederaillerie.png,,2010
12520,0,Heaumedechateau.png,,2010
12200,0,Heaumetraditionnel.png,,2010
12220,0,Heaumedefer.png,,2010
16000,0,Collierdebois.png,,2010
16020,0,Collierdecuivre.png,,2010
16040,0,Collierdargent.png,,2010
16060,0,Collierdor.png,,2010
16080,0,Collierdejade.png,,2010
16100,0,Collierdebene.png,,2010
16120,0,Collierdeperles.png,,2010
16140,0,Collierdorblanc.png,,2010
16160,0,Collierdecristal.png,,2010
16180,0,Collierdamethyste.png,,2010
16200,0,Collierlarmeceleste.png,,2010
11400,0,Costumeazur.png,,2010
11410,0,Costumeivoire.png,,2010
11420,0,Costumecramoisi.png,,2010
11430,0,Costdefourmirouge.png,,2010
11490,0,Costumeduventnoir.png,,2010
30072,0,Peaudepattedours.png,,2010
30016,0,Gemmededemon.png,,2010
30087,0,Gemmededemon.png,,2010
30052,0,Drapeau.png,,2010
30047,0,Livremalefique.png,,2010
30080,0,Livremalefique.png,,2010
30092,0,Dentdebarbare.png,,2010
30049,0,Cornedebaleine.png,,2010
30048,0,Morceaudeglace.png,,2010
30008,0,Manueldesoterisme.png,,2010
30078,0,Manueldesoterisme.png,,2010
30060,0,Languedegrenouille.png,,2010
30021,0,Morceaudegemme.png,,2010
30030,0,Lamerouillee.png,,2010
30042,0,Crocdetigredecombat.png,,2010
30019,0,Criniereflamboyante.png,,2010
30035,0,Cremedevisage.png,,2010
30045,0,Darddescorpion.png,,2010
30077,0,Molairedorc.png,,2010
30005,0,Morceaudarmurecassee.png,,2010
30003,0,Groin.png,,2010
30037,0,Griffedetigre.png,,2010
30028,0,Griffedeloup.png,,2010
30004,0,Dentsdesangliersauv.png,,2010
30038,0,Fourruredetigre.png,,2010
30027,0,Fourruredeloup.png,,2010
30070,0,Fourruredeloup.png,,2010
30069,0,Griffedeloup.png,,2010
30014,0,Fourruredeyeti.png,,2010
30089,0,Fourruredeyeti.png,,2010
30025,0,Glandevenindaraignee.png,,2010
30006,0,Molairedorc.png,,2010
30134,0,Colisduriel.png,,2010
11440,0,Costumedefourmilion.png,,2010
11450,0,Costumedassassin.png,,2010
11460,0,Costdejeunedragon.png,,2010
11470,0,Costventmeurtrier.png,,2010
11480,0,Costumefuschia.png,,2010
70012,0,Larmedeladeesse.png,,2010
50011,0,Coffrerayondelune.png,,2010
30,0,Lamecourbe.png,,2010
90,0,Glaivebarbare.png,,2010
110,0,Grandeepee.png,,2010
1000,0,Dague.png,,2011
1010,0,Daguecobra.png,,2011
30198,0,Cristalaqueux.png,,2012
30199,0,Cristalbleute.png,,2012
30197,0,Grainesmagiques.png,,2012
71129,0,Griffededragon.png,,2012
12020,0,Costdedragonazure.png,,2012
16220,0,Colliercristaldame.png,,2012
3150,0,Lamevoleusedame.png,,2012
3140,0,Lameelectromagnetique.png,,2012
12260,0,Masquedelapeur.png,,2012
12530,0,Heaumeviking.png,,2012
12280,0,Heaumedegeneral.png,,2012
12540,0,Heaumemagique.png,,2012
3000,0,Lance.png,,2012
3010,0,Lance.png,,2012
3020,0,Lameguillotine.png,,2012
3030,0,Lancearaignee.png,,2012
3040,0,Gisarme.png,,2012
3050,0,Fauxdeguerre.png,,2012
3210,0,Lamedeferrouge.png,,2012
30192,0,Latex.png,,2012
30194,0,Massueorque.png,,2012
3060,0,Fourchemilitaire.png,,2012
3070,0,Hallebarde.png,,2012
3080,0,Grandhache.png,,2012
3110,0,Lamedusalut.png,,2012
71161,0,Equuspurpur.png,Equuspurpurapparence.png,2012
70051,0,Gantsduroisage.png,,2012
50193,0,Coffredapprenti.png,,2012
50194,0,Coffredapprenti.png,,2012
50195,0,Coffredapprenti.png,,2012
50051,0,Dessindecheval.png,,2013
50723,0,Fleurdekaki.png,,2013
50725,0,Lilas.png,,2013
50721,0,Fleurdepecher.png,,2013
51001,0,Fragmentdenergie.png,,2013
72021,0,Extensiondustockage.png,,2013
5110,0,Gongantique.png,,2013
5020,0,Gongdor.png,,2013
5010,0,Gongdargent.png,,2013
5000,0,Gongdecuivre.png,,2013
5050,0,Gongabricot.png,,2013
5040,0,Gongdefontaine.png,,2013
5030,0,Gongdejade.png,,2013
5100,0,Gongterreetciel.png,,2013
5080,0,Gongdinsectedacier.png,,2013
5070,0,Gongdinsectedor.png,,2013
5060,0,Gongmagique.png,,2013
5090,0,Gongoiseautonnerre.png,,2013
5120,0,Gongdebambou.png,,2013
150,0,Lamedecrocfantome.png,,2013
250,0,Lamedemoniaque.png,,2013
200,0,Lametranchante.png,,2013
5330,0,Gonggueulededragon.png,,2013
50255,0,Cordraconisbrut.png,,2013
1020,0,Daguesciseaux.png,,2013
4020,0,Couteaucourt.png,,2013
1170,0,Daguedefeuillenoire.png,,2013
1030,0,Couteauportebonheur.png,,2013
1040,0,Coutmorsuredechat.png,,2013
1060,0,Daguedupoingdiab.png,,2013
1070,0,Daguesanglante.png,,2013
1080,0,Couteaudenervure.png,,2013
71029,0,Intelligdudieudragon.png,,2013
71030,0,Defensedudieudragon.png,,2013
7130,0,Eventoiseauceleste.png,,2013
1110,0,Couteaudeclairs.png,,2013
1100,0,Couteaududragon.png,,2013
1120,0,Couteausiamois.png,,2013
4040,0,Couteausansame.png,,2013
50813,0,Eaudesim.png,,2013
50814,0,Eaudedok.png,,2013
50817,0,Eaudezin.png,,2013
50818,0,Eaudesambo.png,,2013
50819,0,Eaudemong.png,,2013
50820,0,Eaudehwal.png,,2013
7370,0,Eventdragoncouche.png,,2013
470,0,Lamedentdedragon.png,,2013
1340,0,Lamedescinqelements.png,,2013
3190,0,Lamesolaire.png,,2013
16500,0,Collierrubis.png,,2013
16520,0,Colliergrenat.png,,2013
16540,0,Collieremeraude.png,,2013
16560,0,Colliersaphir.png,,2013
38054,0,Coffretempetedudesert1.png,,2013
30519,0,Crochetdore.png,,2013
53010,0,Leonidas.png,Leonidasapparence.png,2013
53011,0,Leonidas.png,Khanapparence.png,2013
71124,0,Lionblanc.png,Lionblancapparence.png,2013
30518,0,Fildore.png,,2013
71128,0,Lioncarnassier.png,Lioncarnassierapparence.png,2013
71126,0,Loupbagarreur.png,Loupbagarreurapparence.png,2013
71164,0,Sceauduchevalnoir.png,Cometeapparence.png,2013
71144,0,Coffredenoel.png,,2013
50122,0,Coffreenfer.png,,2013
50125,0,Coffremysterieux.png,,2013
50121,0,Coffreenfer.png,,2013
53008,0,Leonidas.png,Knuudapparence.png,2013
30550,0,Lanierebleue.png,,2014
71160,0,Coffredetourinfernale.png,,2014
71159,0,Coffredetourinfernale.png,,2014
50249,0,Coffredetourinfernale.png,,2014
38050,0,Coffredupouvoir.png,,2014
38057,0,Coffredunord.png,,2014
53019,0,Leonidas.png,Khanarctiqueapparence.png,2014
53015,0,Leonidas.png,Minibourreaudoduorapparence.png,2014
53014,0,Leonidas.png,Minibourreaudoduapparence.png,2014
53023,0,Cooper.png,Cooperapparence.png,2014
38052,0,Coffredesrois.png,,2014
38051,0,Cristaldutigreroyal.png,,2014
51578,0,Corrubinumnormal.png,,2014
51576,0,Cordraconisbrut.png,,2014
53226,0,Cupidon.png,Cupidonapparence.png,2015
53227,0,Coeurcourrouce.png,Coeurcourrouceapparence.png,2015
71171,0,Licorne.png,Licorneapparence.png,2015
6000,0,Flambeaudacier.png,,2015
6010,0,Lancedephoenix.png,,2015
6020,0,Griffedefer.png,,2015
6030,0,Griffedacier.png,,2015
6040,0,Griffepredatrice.png,,2015
6050,0,Griffedescarabee.png,,2015
6060,0,Griffedefaucon.png,,2015
6070,0,Griffeepineuse.png,,2015
6080,0,Crocdeloupvert.png,,2015
21500,0,Heaumedesquelette.png,,2015
21510,0,Heaumevoiledebene.png,,2015
21520,0,Heaumefulgurant.png,,2015
21530,0,Heaumecelestebeni.png,,2015
21540,0,Heaumeduboisvert.png,,2015
16570,0,Collierdetourmaline.png,,2015
51646,0,Coffredragonnobcol.png,,2015
76039,0,Coffredragon.png,,2015
51640,0,Coffredragon+.png,,2015
20820,0,Costumedelunerouge.png,,2015
20770,0,Costumedembuscade.png,,2015
50267,0,Coffredoreokey.png,,2015
30610,0,Mithril.png,,2015
30616,0,Dioxydedetitane.png,,2015
40122,0,Lamedecannedenoel+.png,,2015
40125,0,Glaivepaindepice+.png,,2015
40126,0,Gongcannedenoel+.png,,2015
40123,0,Daguecannedenoel+.png,,2015
40128,0,Griffesrodolphe+.png,,2015
51645,0,Coffredragon+colore.png,,2015
30612,0,Cordonssolides.png,,2015
30337,0,Grainedecitrouille.png,,2016
53018,0,Leonidas.png,Leonidaspolaireapparence.png,2016
71177,0,Sceauduchevalnoir.png,Leopardapparence.png,2016
53228,0,Croissantdelunebleu.png,Croissantdelunebleuapparence.png,2016
53229,0,Croissantdelunerouge.png,Croissantdelunerougeapparence.png,2016
53224,0,Flocon.png,Floconapparence.png,2016
50703,0,Fleurdekaki.png,,2016
50282,0,Boiteisotherme.png,,2016
50278,0,Cornetdeglace.png,,2016
12720,0,Coiffededragon.png,,2016
50270,0,Coffremeley.png,,2016
30620,0,Cornededragonrouge.png,,2016
50271,0,Coffremeley.png,,2016
50290,0,Coffredezoneenbois.png,,2016
50286,0,Coffredezoneenor.png,,2016
71222,0,Dragonnirvana.png,Dragonnirvanaapparence.png,2016
71223,0,Dragonsamsara.png,Dragonsamsaraapparence.png,2016
12740,0,Capuchededragon.png,,2017
54703,0,Coffredenemere.png,,2017
54702,0,Coffrederazador.png,,2017
21200,0,Cuirasseduzodiaque.png,,2017
19690,0,Harnoisduzodiaque.png,,2017
19490,0,Costumeduzodiaque.png,,2017
33033,0,Coffredoreduzodiaque.png,,2017
33029,0,Coffretzodiacalrouge.png,,2017
33030,0,Coffretzodiacalbleu.png,,2017
33031,0,Fleurdelement.png,,2017
71224,0,Manni.png,Manniapparence.png,2017
71225,0,Manu.png,Manuapparence.png,2017
71229,0,Lezarddegrotteglace.png,Lezarddegrotteglaceapparence.png,2017
71228,0,Lezarddegrottemagma.png,Lezarddegrottemagmaapparence.png,2017
53256,0,Bonsai.png,Bonsaiapparence.png,2017
53244,0,Madamejiangshi.png,Madamejiangshiapparence.png,2017
53245,0,Monsieurjiangshi.png,Monsieurjiangshiapparence.png,2017
53246,0,Madamejiangshi.png,Madamejiangshiapparence.png,2017
53250,0,Donnie.png,Donnieapparence.png,2017
83003,0,Coffrepoissondore.png,,2017
83002,0,Coffrepoissondore.png,,2017
83001,0,Coffrepoissondore.png,,2017
12060,0,Costumedekyanite.png,,2017
30628,0,Fleurdivine.png,,2017
30623,0,Livredelaverite.png,,2017
12090,0,Harnaisdekyanite.png,,2017
53263,0,Griffy.png,Griffyapparence.png,2017
1180,0,Dagueduzodiaque.png,,2018
6120,0,Griffeduzodiaque.png,,2018
3220,0,Glaiveduzodiaque.png,,2018
300,0,Lameduzodiaque.png,,2018
30626,0,Kyanite.png,,2018
30627,0,Fruitdesdieux.png,,2018
1500,0,Daguedekyanite.png,,2018
5500,0,Gongdekyanite.png,,2018
3500,0,Lamedekyanite.png,,2018
6500,0,Griffedekyanite.png,,2018
53251,0,Frank.png,Frankapparence.png,2018
71231,0,Lapinblanc.png,Lapinblancapparence.png,2018
40136,0,Lamedaquarus.png,,2018
40139,0,Glaivedaquarus.png,,2018
53258,0,Lanternebigarree.png,Lanternebigarreeapparence.png,2018
53259,0,Lanterneverte.png,Lanterneverteapparence.png,2018
83022,0,Grainesdefleurs.png,,2018
25124,0,Lys.png,,2018
53269,0,Lycaninho.png,Lycaninhoapparence.png,2018
53268,0,Lynedine.png,Lynedineapparence.png,2018
50285,0,Coffredezoneenacier.png,,2018
38103,0,Remontant.png,,2018
53266,0,Helexna.png,Helexnaapparence.png,2018
50920,0,Lotyutnoridor.png,,2018
50921,0,Lotyutnoriargent.png,,2018
50922,0,Lotyutnoribronze.png,,2018
50276,0,Coffreargenteokey.png,,2018
53280,0,Insectedesglaces.png,Insectedesglacesapparence.png,2019
72737,0,Coffretbonnefortunevert.png,,2019
83032,0,Coffredessirenes.png,,2019
50123,0,Glace.png,,2020
39112,0,Modeledelotdarme.png,,2020
39110,0,Modeledelotdecasque.png,,2020
39111,0,Modeledelotdarmure.png,,2020
31149,0,Cordesolide.png,,2020
31126,0,Cranededragon.png,,2020
31123,0,Cuirfin.png,,2020
31125,0,Ficelleepaisse.png,,2020
31124,0,Ficellefine.png,,2020
31127,0,Dentdedragon.png,,2020
31141,0,Coffrederazadorev.png,,2020
31128,0,Cornederazador.png,,2020
31142,0,Coffredenemereev.png,,2020
31129,0,Cornedenemere.png,,2020
31114,0,Cuirordinaire.png,,2020
31117,0,Filfin.png,,2020
31115,0,Enclume.png,,2020
1190,0,Daguedudragonobscur.png,,2020
5170,0,Gongdudragonobscur.png,,2020
3230,0,Lamedudragonobscur.png,,2020
6130,0,Griffedudragonobs.png,,2020
12800,0,Heaumedudragonagite.png,,2020
12840,0,Heaumedudragondivin.png,,2020
12860,0,Heaumedudragonceleste.png,,2020
12780,0,Heaumedudragonobs.png,,2020
12820,0,Heaumedudragonmag.png,,2020
31118,0,Galondelagloire.png,,2020
71252,0,Corbeaudeglace.png,Corbeaudeglaceapparence.png,2020
71253,0,Corbeaunocturne.png,Corbeaunocturneapparence.png,2020
53302,0,Momiechancelante.png,Momiechancelanteapparence.png,2020
53301,0,Momiegesticulante.png,Momiegesticulanteapparence.png,2020
30639,0,Fragmentenigmatique.png,,2020
83012,0,Malledelivredefam.png,,2020
53253,0,Hou.png,Houapparence.png,2020
40108,0,Lamecrantee.png,,2020
31251,0,Durcisseurdecuir.png,,2020
16580,0,Collierjadeitenacree.png,,2020
31217,0,Cornetroll.png,,2020
16590,0,Collierjadeitesol.png,,2020
31227,0,Dentdargo.png,,2020
16600,0,Collierjadeitenoc.png,,2020
16610,0,Collierjadeitenuag.png,,2020
23000,0,Gantsdeforce.png,,2020
31245,0,Cuirdur.png,,2020
31246,0,Croquisdegants.png,,2020
31252,0,Durcisseurdecuir+.png,,2020
50529,0,Coffredelivres9evoie.png,,2020
23030,0,Gantsprotecteurs.png,,2020
23010,0,Gantsdagilite.png,,2020
23020,0,Gantsblindes.png,,2020
55070,0,Coffredetourinfernale.png,,2021
83021,0,Coffredecimusor.png,,2021
83020,0,Coffredecimusargent.png,,2021
31253,0,Coffredemaitregnoll.png,,2021
53002,0,Bambi.png,Bambiapparence.png,2021
53248,0,Elfevert.png,Elfevertapparence.png,2021
53305,0,Entdenoelnoueux.png,Entdenoelnoueuxapparence.png,2021
71230,0,Dragonmagmatique.png,Dragonmagmatiqueapparence.png,2021
71116,0,BoiteBoss.png,,2021
71120,0,BoiteBoss.png,,2021
53257,0,Idalldepoche.png,Idalldepocheapparence.png,2021
83019,0,Coffredecimusbronze.png,,2021
50733,0,Feuilleflamme.png,,2021
50735,0,Herbedutonnerre.png,,2021
50736,0,Fleurdaquilon.png,,2021
50741,0,Herbesdorees.png,,2021
83051,0,Coffreenfer.png,,2021
21370,0,Manteauserpentpur.png,,2021
21310,0,Manteauserpent.png,,2021
21350,0,Manteauserpentvil.png,,2021
21390,0,Manteauserpentcel.png,,2021
31257,0,Modeleserpent.png,,2021
21366,0,Mantserpentvilfab.png,,2021
21326,0,Manteauserpentfabri.png,,2021
21386,0,Manteauserpentpfa.png,,2021
21406,0,Manteauserpcfabr.png,,2021
31238,0,Coquillagebrillant.png,,2021
53313,0,Leonidas.png,Leonidaspolaireapparence.png,2021
71122,0,Entreetempledudragon.png,,2021
90017,0,Contreplaque+.png,,2021
50331,0,Livdequeteprince2.png,,2021
3266,0,Grandeepeeserfabr.png,,2021
396,0,Lameserpentfabr.png,,2021
1226,0,Dagueserpentfabr.png,,2021
6166,0,Griffedeserpentfab.png,,2021
3250,0,Grandeepeeserpent.png,,2021
1210,0,Dagueserpent.png,,2021
6150,0,Griffedeserpent.png,,2021
31259,0,Enclumedaquilon.png,,2021
70411,0,Coffredragonblfac.png,,2021
380,0,Lameserpent.png,,2021
50332,0,Livdequeteprince3.png,,2021
50701,0,Fleurdepecher.png,,2021
31231,0,Cristaldemetin.png,,2021
50705,0,Lilas.png,,2021
31255,0,Coffreornedor.png,,2021
31254,0,Coffredemaitreahtrin.png,,2021
39081,0,Fragmentsacre120.png,,2022
72354,0,Filondejadeitemobile.png,,2022
31256,0,BoiteBoss.png,,2022
72740,0,Licencepourmercenaire.png,,2024
72750,0,Guerisondemercenaire.png,,2022
70412,0,Coffredragonbldif.png,,2022
53329,0,Dragolovemignon.png,Dragolovemignonapparence.png,2022
53330,0,Dragolovetaquin.png,Dragolovetaquinapparence.png,2022
53532,0,Autelderobin.png,,2022
23050,0,Gantsserpentstr.png,,2022
23080,0,Gantsserpentint.png,,2022
23060,0,Gantsserpentres.png,,2022
23070,0,Gantsserpentvit.png,,2022
53299,0,Miniguerriercrabe.png,Miniguerriercrabeapparence.png,2022
53247,0,Elferouge.png,Elferougeapparence.png,2022
53553,0,Autelderobin.png,,2022
53552,0,Autelderobin.png,,2022
40140,0,Gongdaquarus.png,,2022
40142,0,Griffesdaquarus.png,,2022
40137,0,Daguedaquarus.png,,2022
53304,0,Entdenoelvert.png,Entdenoelvertapparence.png,2022
50335,0,Livrequeterdaqui.png,,2022
50333,0,Livrequeterdaqui.png,,2022
50334,0,Livrequeterdaqui.png,,2022
50336,0,Livrequeterdaqui.png,,2022
50337,0,Livrequeterdaqui.png,,2022
31223,0,Compasdepropagation.png,,2022
83118,0,Recompensemercenaire2.png,,2022
83115,0,Recompensemercenaire2.png,,2022
31270,0,Essencedetalisman.png,,2022
70447,0,Coffredeladamnation+.png,,2022
30658,0,Cornedasmodeus.png,,2022
30660,0,Livredapresvie.png,,2022
30661,0,Coeurpierredasmodeus.png,,2022
30664,0,Crinieredasmodeus.png,,2022
53240,0,Lanternelunebleue.png,Lanternelunebleueapparence.png,2022
53241,0,Lanterneluneorange.png,Lanterneluneorangeapparence.png,2022
70451,0,Lotdeflammesfunestes.png,,2022
40153,0,Glaivededokkaebi.png,,2022
40151,0,Daguededokkaebi.png,,2022
40154,0,Gongdedokkaebi.png,,2022
40156,0,Griffesdedokkaebi.png,,2022
53332,0,Minicommfeu.png,Minicommfeubutinapparence.png,2022
53333,0,Minicommglace.png,Minicommglacebutinapparence.png,2022
53334,0,Minicommfoudre.png,Minicommfoudrebutinapparence.png,2022
53335,0,Minicommvent.png,Minicommventbutinapparence.png,2022
53336,0,Minicommterre.png,Minicommterrebutinapparence.png,2022
53337,0,Minicommobsc.png,Minicommobscbutinapparence.png,2022
71257,0,Dragondaqumajestueux.png,Dragondaqumajestueuxapparence.png,2022
53554,0,Autelderobin.png,,2022
71232,0,Lapinlunaire.png,Lapinlunaireapparence.png,2022
71255,0,Lamadenoelbrun.png,Lamadenoelbrunapparence.png,2022
71254,0,Lamadenoelblanc.png,Lamadenoelblancapparence.png,2022
71259,0,Lapinpresserose.png,Lapinpresseroseapparence.png,2022
71260,0,Lapinpressebleu.png,Lapinpressebleuapparence.png,2022
71261,0,Kitsunecarmin.png,Kitsunecarminapparence.png,2022
71262,0,Kitsuneindigo.png,Kitsuneindigoapparence.png,2022
71263,0,Loupgivrerouge.png,Loupgivrerougeapparence.png,2022
71264,0,Loupgivrebleu.png,Loupgivrebleuapparence.png,2022
71265,0,Hippocampelunaire.png,Hippocampelunaireapparence.png,2022
71266,0,Hippocampesolaire.png,Hippocampesolaireapparence.png,2022
50275,0,Coffredoreokey.png,,2022
50277,0,Coffredebronzeokey.png,,2022
50294,0,Coffredelareinemeley.png,,2022
40186,0,Daguedugardancetre+.png,,2022
40188,0,Espadondugardancetre+.png,,2022
40189,0,Gongdugardancetre+.png,,2022
40191,0,Griffedugardancetre+.png,,2022
71267,0,Frayeurnocturnenoire.png,Frayeurnocturnenoireapparence.png,2022
71268,0,Frayeurnocturnedoree.png,Frayeurnocturnedoreeapparence.png,2022
40109,0,Daguecrantee.png,,2022
40112,0,Gongcrante.png,,2022
40114,0,Griffescrantees.png,,2022
40111,0,Glaivecrante.png,,2022
50330,0,Livdequeteprince1.png,,2022
40172,0,Dagueenepidemais.png,,2022
40174,0,Cuissecroustillante.png,,2022
40175,0,Gongensavoureuxtacos.png,,2022
40177,0,Griffesfastfood.png,,2022
30667,0,Cordesolide+.png,,2023
71271,0,Lapinpresserouge.png,Lapinpresserougeapparence.png,2023
71272,0,Lapinpressenoir.png,Lapinpressenoirapparence.png,2023
72738,0,Coffreportebonheurdc.png,,2023
53353,0,Krampusdesneiges.png,Krampusdesneigesapparence.png,2023
53354,0,Krampusducharbon.png,Krampusducharbonapparence.png,2023
83077,0,Coffredudieudragon.png,,2024
83050,0,Lotdesoinschevalins.png,,2024
83038,0,Coffreapotions.png,,2024
50261,0,Cordaemonisbrut.png,,2024
71277,0,Halia.png,Haliaapparence.png,2024
21900,0,Justicierdedurandal.png,,2024
21910,0,Justicierdedurandal.png,,2024
21920,0,Justicierdedurandal.png,,2024
21950,0,Justicierdedurandal.png,,2024
21913,0,Boucherdorcs.png,,2024
21933,0,Boucherdorcs.png,,2024
21953,0,Boucherdorcs.png,,2024
21963,0,Boucherdorcs.png,,2024
21901,0,Daguedefeuillenoire.png,,2024
21951,0,Daguedefeuillenoire.png,,2024
21912,0,Capteurdereves.png,,2024
21932,0,Capteurdereves.png,,2024
21942,0,Capteurdereves.png,,2024
21906,0,Foudreettonnerre.png,,2024
21926,0,Foudreettonnerre.png,,2024
21946,0,Foudreettonnerre.png,,2024
21956,0,Foudreettonnerre.png,,2024
21976,0,Foudreettonnerre.png,,2024
21934,0,Baiserdelfe.png,,2024
21954,0,Baiserdelfe.png,,2024
21964,0,Baiserdelfe.png,,2024
21905,0,Justicierdesveuves.png,,2024
21915,0,Justicierdesveuves.png,,2024
21925,0,Justicierdesveuves.png,,2024
21945,0,Justicierdesveuves.png,,2024
21975,0,Justicierdesveuves.png,,2024
70607,0,Insignedecoupe.png,,2024
30050,0,Orbedeglace.png,,2010
11800,0,Robepourpre.png,,2010
11810,0,Robeturquoise.png,,2010
11820,0,Roberose.png,,2010
11830,0,Robedamoureux.png,,2010
11890,0,Robenoire.png,,2010
30053,0,Peaudepattedours.png,,2010
30082,0,Queuedeserpent.png,,2010
30022,0,Queuedeserpent.png,,2010
30015,0,Souvenirdedemon.png,,2010
30086,0,Souvenirdedemon.png,,2010
30090,0,Orbedeglace.png,,2010
30079,0,Talismaninconnu.png,,2010
30051,0,Talismaninconnu.png,,2010
30011,0,Pelote.png,,2010
30091,0,Symboledeguerrier.png,,2010
30041,0,Shuriken.png,,2010
30075,0,Shuriken.png,,2010
30046,0,Queuedescorpion.png,,2010
30081,0,Queuedescorpion.png,,2010
30033,0,Porcelainebrisee.png,,2010
30067,0,Peaudeserpent.png,,2010
30018,0,Nattederubanrouge.png,,2010
30031,0,Ornement.png,,2010
30055,0,Pincedescorpion.png,,2010
30032,0,Uniformenoiruse.png,,2010
30009,0,Medicamentinconnu.png,,2010
30083,0,Medicamentinconnu.png,,2010
30074,0,Uniformenoiruse.png,,2010
30017,0,Epingledecheveuxdeco.png,,2010
30057,0,Yeuxdaraignee.png,,2010
30056,0,Toiledaraignee.png,,2010
30059,0,Pattesdaraignee.png,,2010
30039,0,Morceaudetissu.png,,2010
30085,0,Morceaudetissu.png,,2010
30034,0,Nattederubanblanc.png,,2010
30073,0,Nattederubanblanc.png,,2010
30023,0,Peaudetigreblanc.png,,2010
27987,0,Palourde.png,,2010
27992,0,Perleblanche.png,,2010
27993,0,Perlebleue.png,,2010
27994,0,Perledesang.png,,2010
30058,0,Pochedoeufdaraignee.png,,2010
30061,0,Pattesdegrenouille.png,,2010
30044,0,Terreglaise.png,,2010
30221,0,Pierredamedutemple.png,,2010
30220,0,Pierredamedejinunggy.png,,2010
11840,0,Robecielouestloint.png,,2010
11850,0,Robesolaire.png,,2010
11860,0,Robedemoral.png,,2010
11870,0,Robeduchatorange.png,,2010
11880,0,Robedebaronne.png,,2010
10,0,Epee.png,,2010
290,0,Epeedelalunepleine.png,,2010
30300,0,Coffreenfer.png,,2010
20,0,Epeelongue.png,,2010
50,0,Epeelarge.png,,2010
60,0,Epeeenargent.png,,2010
70,0,Epeeauxorchidees.png,,2010
80,0,Epeebatarde.png,,2010
100,0,Epeesanglante.png,,2010
120,0,Epeedumagicvolant.png,,2010
130,0,Epeededemilune.png,,2010
30195,0,Sablesilicieux.png,,2012
30193,0,Osdedoigt.png,,2012
71123,0,Ecaillededragon.png,,2012
12030,0,Plaquesaureolees.png,,2012
12040,0,Vetementdudragon.png,,2012
160,0,Epeedenymphe.png,,2012
140,0,Epeedebataille.png,,2012
170,0,Epeedepiqure.png,,2012
180,0,Epeeempoisonnee.png,,2012
270,0,Epeedetriton.png,,2012
3160,0,Epeederancune.png,,2012
3130,0,Partisan.png,,2012
3090,0,Piquedeglace.png,,2012
3100,0,Epeedesdouzeesprits.png,,2012
3120,0,Tueusedelion.png,,2012
70050,0,Symboleduroisage.png,,2012
35002,0,Rosejaune.png,,2012
50024,0,Roserouge.png,,2012
72024,0,Medailledechance.png,,2012
50724,0,Racinedegango.png,,2013
50727,0,Rosedesmontagnes.png,,2013
70004,0,Medailledattention.png,,2013
240,0,Epeedexorcisme.png,,2013
190,0,Epeedulion.png,,2013
280,0,Epeesacree.png,,2013
4010,0,Neuflames.png,,2013
1050,0,Poigvisagedediable.png,,2013
20750,0,Vetementdore.png,,2013
20250,0,Tenuecavalierdragon.png,,2013
50801,0,Siropdefleurdepecher.png,,2013
50802,0,Siropdecampanule.png,,2013
50821,0,Roseerouge.png,,2013
50822,0,Roseerose.png,,2013
50823,0,Roseejaune.png,,2013
50825,0,Roseebleue.png,,2013
50826,0,Roseeblanche.png,,2013
460,0,Epeerunique.png,,2013
53012,0,Leonidas.png,Porkyapparence.png,2013
70031,0,Traitedescrime.png,,2013
30521,0,Elementdanneau.png,,2013
30523,0,Elementdebijou.png,,2013
30516,0,Epauletteantique.png,,2013
30513,0,Epaulettenoble.png,,2013
30510,0,Epauletteprecieuse.png,,2013
30502,0,Ornementenrubis.png,,2013
30508,0,Ornementdesaphir.png,,2013
30505,0,Ornementdemeraude.png,,2013
30500,0,Pointeagraverrubis.png,,2013
30506,0,Pointeagraversaphir.png,,2013
30503,0,Pointeagraveramethyst.png,,2013
30511,0,Tissurouge.png,,2013
30517,0,Tissudore.png,,2013
30514,0,Tissuviolet.png,,2013
71165,0,Sceauduchevalnoir.png,Predateurpolaireapparence.png,2013
71127,0,Tigretempetueux.png,Tigretempetueuxapparence.png,2013
71125,0,Sanglierpugnace.png,Sanglierpugnaceapparence.png,2013
71142,0,Tigreroyalblanc.png,Tigreroyalblancapparence.png,2013
71166,0,Sceauduchevalnoir.png,Pandablindeapparence.png,2013
53013,0,Leonidas.png,Rufusapparence.png,2013
50216,0,Vinchaud.png,,2013
71158,0,Medailledeheros.png,,2014
53017,0,Phoenixdejade.png,Phoenixdejadeapparence.png,2014
53003,0,Phoenixdeglace.png,Phoenixdeglaceapparence.png,2014
53020,0,Leonidas.png,Porkypolaireapparence.png,2014
53022,0,Sheldon.png,Sheldonapparence.png,2014
50094,0,Sushidepoissonchat.png,,2014
50093,0,Sushidesaumon.png,,2014
71181,0,Potiondesagesse.png,,2014
53222,0,Tetedecitrouille.png,Tetedecitrouilleapparence.png,2015
6090,0,Seigneurdesdragons.png,,2015
85005,0,Etoledemaitresimple.png,,2015
85006,0,Etoledemaitrefine.png,,2015
85007,0,Etoledemaitrenoble.png,,2015
85008,0,Etoledemaitrerare.png,,2015
85001,0,Etoledexpertsimple.png,,2015
85002,0,Etoledexpertfine.png,,2015
85003,0,Etoledexpertnoble.png,,2015
85004,0,Etoledexpertrare.png,,2015
71182,0,Muffinbrun.png,Muffinbrunapparence.png,2015
30524,0,Pierreaflammes.png,,2015
30525,0,Pierreaflammesglacees.png,,2015
71188,0,Sucettemagique.png,,2015
71136,0,Sucettedelaforce.png,,2015
20920,0,Pyjamamortel.png,,2015
20840,0,Vetementdufeu.png,,2015
20940,0,Vetementdelune.png,,2015
20870,0,Vetementmetamorphe.png,,2015
20790,0,Vetementdelafoi.png,,2015
20890,0,Vetementdharmonie.png,,2015
85015,0,Etolederoisimple.png,,2015
85016,0,Etolederoifine.png,,2015
85018,0,Etolederoirare.png,,2015
85017,0,Etolederoinoble.png,,2015
30605,0,Platesdor.png,,2015
30606,0,Platesdargent.png,,2015
30607,0,Platesdecuivre.png,,2015
30608,0,Platesdacier.png,,2015
30609,0,Platesdebronze.png,,2015
30602,0,Teinturebleue.png,,2015
30603,0,Teinturerouge.png,,2015
30615,0,Teintureblanche.png,,2015
30614,0,Teinturenoire.png,,2015
30601,0,Plandarmure.png,,2015
30600,0,Patron.png,,2015
71193,0,Eclair.png,Eclairapparence.png,2015
71192,0,Tonnerre.png,Tonnerreapparence.png,2015
85011,0,Etoledeprincesimple.png,,2015
85012,0,Etoledeprincefine.png,,2015
85013,0,Etoledeprincenoble.png,,2015
85014,0,Etoledeprincerare.png,,2015
30604,0,Teinturegrise.png,,2015
30619,0,Teintureormetalise.png,,2015
30618,0,Pierredelune.png,,2015
30611,0,Sanglesmassives.png,,2015
53236,0,Valentino.png,Valentinoapparence.png,2016
53237,0,Valentinia.png,Valentiniaapparence.png,2016
53234,0,Bruce.png,Wayneapparence.png,2016
53235,0,Bruce.png,Bruceapparence.png,2016
71176,0,Sceauduchevalnoir.png,Pantherenoireapparence.png,2016
53001,0,Rufus.png,Phoenixflamboyantapparence.png,2016
53021,0,Leonidas.png,Rufusdesglacesapparence.png,2016
71198,0,Muffinrose.png,Muffinroseapparence.png,2016
71197,0,Nuggetbleumarine.png,Nuggetbleumarineapparence.png,2016
30621,0,Ecaillededragonrouge.png,,2016
30622,0,Plandarmurecasque.png,,2016
25101,0,Partdegateau.png,,2017
71180,0,Potiondesagesse.png,,2017
33028,0,Tresordetoile.png,,2017
19890,0,Vetementduzodiaque.png,,2017
9600,0,Talismandufeu.png,,2017
10750,0,Talismandefoudre.png,,2017
9830,0,Talismandeglace.png,,2017
10290,0,Talismanfuneste.png,,2017
10060,0,Talismandeterre.png,,2017
10520,0,Talismanduvent.png,,2017
310,0,Lameduzodiaque.png,,2017
53260,0,Siroswald.png,Siroswaldapparence.png,2017
53262,0,Siroswald.png,Siroswaldapparence.png,2017
33027,0,Tresordaventurine.png,,2017
30625,0,Padparadscha.png,,2017
30629,0,Elixirdesdieux.png,,2017
30624,0,Amedelaverite.png,,2017
12080,0,Vetementdekyanite.png,,2017
12070,0,Platesdekyanite.png,,2017
53264,0,Nogaj.png,Nogajapparence.png,2017
33026,0,Tresordaureoline.png,,2018
500,0,Epeedekyanite.png,,2018
76041,0,Potionbleuciel.png,,2018
71227,0,Tuludecombatnoir.png,Tuludecombatnoirapparence.png,2018
25123,0,Narcisse.png,,2018
25125,0,Tournesol.png,,2018
25122,0,Muguet.png,,2018
53255,0,Hou.png,Houapparence.png,2018
31109,0,Pierredeveilraffinee.png,,2020
31133,0,Teintureordinaire.png,,2020
31122,0,Tissu.png,,2020
31131,0,Soie.png,,2020
31135,0,Teinturerare.png,,2020
31136,0,Pierreduchaossimple.png,,2020
31137,0,Pierreduchaossplen.png,,2020
31138,0,Pierrechaosprecieuse.png,,2020
31134,0,Teintureamelioree.png,,2020
31130,0,Epinesacerbes.png,,2020
31132,0,Morceaux.png,,2020
31113,0,Amedeleveil.png,,2020
31108,0,Pierredeveilmineure.png,,2020
31110,0,Pierredeveilsplendide.png,,2020
31111,0,Pierredeveilnoble.png,,2020
31112,0,Pierredeveilpuissante.png,,2020
320,0,Epeedudragonobscur.png,,2020
340,0,Styletdudragonobscur.png,,2020
71244,0,Sombraile.png,Sombraileapparence.png,2020
71245,0,Ombrelame.png,Ombrelameapparence.png,2020
83030,0,Tropheeyutnorior.png,,2020
83031,0,Tropheeyutnoriargent.png,,2020
30640,0,Planhalloweenh.png,,2020
30654,0,Planhalloweenf.png,,2020
30641,0,Planchapeauhalloweenh.png,,2020
30655,0,Planchapeauhalloweenf.png,,2020
30642,0,Planfamilierepouvante.png,,2020
30643,0,Planmonturedepouvante.png,,2020
30644,0,Planabijoux.png,,2020
30645,0,Plandefamilier.png,,2020
30646,0,Plandetoles.png,,2020
30647,0,Plandornement.png,,2020
30648,0,Planlivredefamilier.png,,2020
30649,0,Plancrante+.png,,2020
30650,0,Plancordraconis.png,,2020
30651,0,Plangaya.png,,2020
30653,0,Plandecaisserubis.png,,2020
86002,0,Etoledezifine.png,,2020
81000,0,Talismanvolontestr.png,,2020
81250,0,Talismanvolonteres.png,,2020
81300,0,Talismanvolontevit.png,,2020
81550,0,Talismanvolonteint.png,,2020
27128,0,Secretdeyutnori.png,,2020
31216,0,Platesenmetalbrut.png,,2020
31218,0,Platesacierdeforge.png,,2020
31224,0,Platesdacierornement.png,,2020
39119,0,Pierredeforceelem.png,,2020
39120,0,Pierredeprotecelem.png,,2020
31226,0,Noyaucorrompu.png,,2020
76047,0,Sucettedelaforce3j.png,,2020
76030,0,Sucettedelaforce3j.png,,2020
31247,0,Runesungmarouge.png,,2020
31250,0,Runesungmaverte.png,,2020
31248,0,Runesungmamauve.png,,2020
31249,0,Runesungmableue.png,,2020
31228,0,Ecaildargo.png,,2020
72353,0,Topazedevolonte.png,,2020
53275,0,Noracassenoix.png,Noracassenoixapparence.png,2021
53285,0,Naintaquin+.png,Naintaquinrougeapparence.png,2021
53295,0,Petitelementaireobscur.png,Petitelementaireobscurapparence.png,2021
53290,0,Petitelementaireardent.png,Petitelementaireardentapparence.png,2021
53291,0,Petitelementairegivre.png,Petitelementairegivreapparence.png,2021
53292,0,Petitelementaireeclair.png,Petitelementaireeclairapparence.png,2021
53294,0,Petitelementaireter.png,Petitelementaireterrapparence.png,2021
53293,0,Petitelementairerafale.png,Petitelementairerafaleapparence.png,2021
27213,0,Elixirvsungmastr.png,,2021
31225,0,Pierrederune.png,,2021
71153,0,Potiondesagesse.png,,2021
38058,0,Potiondesagesse.png,,2021
27214,0,Elixirvsungmavit.png,,2021
27215,0,Elixirvsungmares.png,,2021
27216,0,Elixirvsungmaint.png,,2021
53239,0,Valentinia.png,Valentiniaapparence.png,2021
53238,0,Valentino.png,Valentinoapparence.png,2021
53271,0,Paoneclatantbleuroyal.png,Paoneclatantbleuroyalapparence.png,2021
50183,0,Sucreries.png,,2021
72012,0,Plumedesamoureux.png,,2021
71114,0,BoiteBoss.png,,2021
71118,0,BoiteBoss.png,,2021
53315,0,Rufus.png,Phoenixflamboyantapparence.png,2021
70408,0,Ticketmysterieux.png,,2021
85021,0,Etoleannivsimple.png,,2021
85022,0,Etoleanniversairefine.png,,2021
85023,0,Etoleanniversairenoble.png,,2021
85024,0,Etoleanniversairerare.png,,2021
86061,0,Etoledamoursimple.png,,2021
86062,0,Etoledamourfine.png,,2021
86063,0,Etoledamournoble.png,,2021
86064,0,Etoledamourrare.png,,2021
86005,0,Etoledechousimple.png,,2021
86006,0,Etoledechoufine.png,,2021
86007,0,Etoledechounoble.png,,2021
86008,0,Etoledechourare.png,,2021
86011,0,Etoledeyinsimple.png,,2021
86012,0,Etoledeyinfine.png,,2021
86013,0,Etoledeyinnoble.png,,2021
86014,0,Etoledeyinrare.png,,2021
86021,0,Etoledechensimple.png,,2021
86022,0,Etoledechenfine.png,,2021
86023,0,Etoledechennoble.png,,2021
86024,0,Etoledechenrare.png,,2021
86041,0,Etoledeshensimple.png,,2021
86042,0,Etoledeshenfine.png,,2021
86043,0,Etoledeshennoble.png,,2021
86044,0,Etoledeshenrare.png,,2021
86031,0,Etoledewusimple.png,,2021
86032,0,Etoledewufine.png,,2021
86033,0,Etoledewunoble.png,,2021
86034,0,Etoledewurare.png,,2021
86051,0,Etoledexusimple.png,,2021
86052,0,Etoledexufine.png,,2021
86053,0,Etoledexunoble.png,,2021
86054,0,Etoledexurare.png,,2021
86015,0,Etoledemaosimple.png,,2021
86016,0,Etoledemaofine.png,,2021
86017,0,Etoledemaonoble.png,,2021
86018,0,Etoledemaorare.png,,2021
86025,0,Etoledesisimple.png,,2021
86026,0,Etoledesifine.png,,2021
86027,0,Etoledesinoble.png,,2021
86028,0,Etoledesirare.png,,2021
86035,0,Etoledeweisimple.png,,2021
86036,0,Etoledeweifine.png,,2021
86037,0,Etoledeweinoble.png,,2021
86038,0,Etoledeweirare.png,,2021
86045,0,Etoledeyusimple.png,,2021
86046,0,Etoledeyufine.png,,2021
86047,0,Etoledeyunoble.png,,2021
86048,0,Etoledeyurare.png,,2021
86056,0,Etoledehaifine.png,,2021
86055,0,Etoledehaisimple.png,,2021
86057,0,Etoledehainoble.png,,2021
86058,0,Etoledehairare.png,,2021
70407,0,Ticketmystpremium.png,,2021
50734,0,Racinedegel.png,,2021
50737,0,Sarmantdeterre.png,,2021
50738,0,Epineobscure.png,,2021
50739,0,Elixirdeforcevide.png,,2021
50740,0,Elixirderesistvide.png,,2021
31233,0,Pierreserpent.png,,2021
21330,0,Vesteserpent.png,,2021
31234,0,Pierreserpent+.png,,2021
31258,0,Soieserpent.png,,2021
31239,0,Perlebrillanteblanche.png,,2021
31240,0,Perlebrillantebleue.png,,2021
31241,0,Perledesangbrillante.png,,2021
31262,0,Vernisserpent.png,,2021
21346,0,Vesteserpentfabri.png,,2021
70429,0,Tresorduserpent.png,,2021
53261,0,Sircobblepot.png,Sircobblepotapparence.png,2021
90015,0,Pierredefondation+.png,,2021
90016,0,Tronc+.png,,2021
376,0,Epeeserpentfabri.png,,2021
31242,0,Pierredarmedaquilon.png,,2021
31243,0,Pierredarmedaquilon+.png,,2021
360,0,Epeeserpent.png,,2021
31263,0,Pierredaffutagedaqu.png,,2021
31237,0,Pierredamedaquilon.png,,2021
31235,0,Tetededragonblanc.png,,2021
31236,0,Ecaillededragonblanc.png,,2021
50704,0,Racinedegango.png,,2021
31230,0,Noyaupurifie.png,,2021
31232,0,Osmondeobscure.png,,2021
70428,0,Poussieredeserpent.png,,2022
31244,0,Pierregantsdaquilon.png,,2022
31261,0,Pierremysterieuse.png,,2022
72063,0,Pierremetinf.png,,2022
72339,0,Pierremetinf.png,,2022
83109,0,Recompensemercenaire1.png,,2022
83108,0,Recompensemercenaire1.png,,2022
83103,0,Recompensemercenaire1.png,,2022
83101,0,Recompensemercenaire1.png,,2022
83104,0,Recompensemercenaire1.png,,2022
83106,0,Recompensemercenaire1.png,,2022
83105,0,Recompensemercenaire1.png,,2022
83107,0,Recompensemercenaire1.png,,2022
83112,0,Recompensemercenaire1.png,,2022
83113,0,Recompensemercenaire1.png,,2022
83114,0,Recompensemercenaire1.png,,2022
83100,0,Recompensemercenaire1.png,,2022
83102,0,Recompensemercenaire1.png,,2022
83110,0,Recompensemercenaire1.png,,2022
53272,0,Paoneclatantrose.png,Paoneclatantroseapparence.png,2022
53274,0,Noahcassenoisette.png,Noahcassenoisetteapparence.png,2022
53286,0,Naintaquinvert.png,Naintaquinvertapparence.png,2022
83111,0,Recompensemercenaire1.png,,2022
81560,0,Talismanmysterieux.png,,2022
30656,0,Ecailledasmodeus.png,,2022
30657,0,Epaulieredasmodeus.png,,2022
30659,0,Amedamnee.png,,2022
70423,0,Eclatserpentenflamme.png,,2022
70424,0,Eclatdeserpentgivre.png,,2022
70425,0,Eclatdeserpentrafale.png,,2022
70426,0,Eclatdeserpentterre.png,,2022
71226,0,Tuludecombatbrun.png,Tuludecombatbrunapparence.png,2022
71137,0,Tigreroyalbleu.png,Tigreroyalbleuapparence.png,2022
71141,0,Tigreroyalgris.png,Tigreroyalgrisapparence.png,2022
71138,0,Tigreroyalrouge.png,Tigreroyalrougeapparence.png,2022
71139,0,Tigreroyalor.png,Tigreroyalorapparence.png,2022
71140,0,Tigreroyalvert.png,Tigreroyalvertapparence.png,2022
40150,0,Epeededokkaebi.png,,2022
72360,0,Parchemindudefi.png,,2022
53316,0,Trublionimpassible.png,Trublionimpassibleapparence.png,2022
53317,0,Trublionpernicieux.png,Trublionpernicieuxapparence.png,2022
53331,0,Dragolovemignon.png,Dragolovemignonapparence.png,2022
53298,0,Chiotdamourtaquin.png,Chiotdamourtaquinapparence.png,2022
53319,0,Phenixdelaredemption.png,Phenixdelaredemptionapparence.png,2022
71246,0,Ombrelune.png,Ombreluneapparence.png,2022
71248,0,Taureaudecombatdore.png,Taureaudecombatdoreapparence.png,2022
71249,0,Taureaudecombatargent.png,Taureaudecombatargentapparence.png,2022
71250,0,Sphinxblanc.png,Sphinxblancapparence.png,2022
71251,0,Sphinxenpierre.png,Sphinxenpierreapparence.png,2022
71185,0,Nuggetbleu.png,Nuggetbleuapparence.png,2022
50830,0,Elixirforceflamme.png,,2022
50842,0,Elixirforceflamme.png,,2022
50831,0,Elixirforcegel.png,,2022
50832,0,Elixirforcedutonnerre.png,,2022
50835,0,Elixirforceobscure.png,,2022
50833,0,Elixirdelaforcedaq.png,,2022
50834,0,Elixirforceterrestre.png,,2022
50840,0,Elixirresistterre.png,,2022
50837,0,Elixirresistgel.png,,2022
50838,0,Elixirresisttonnerre.png,,2022
50841,0,Elixirresistobscur.png,,2022
50836,0,Elixirresistflamme.png,,2022
50839,0,Elixirresistdaquilon.png,,2022
50843,0,Elixirforcegel.png,,2022
50844,0,Elixirforcedutonnerre.png,,2022
50847,0,Elixirforceobscure.png,,2022
50846,0,Elixirforceterrestre.png,,2022
50845,0,Elixirdelaforcedaq.png,,2022
50851,0,Elixirresistdaquilon.png,,2022
50852,0,Elixirresistterre.png,,2022
50849,0,Elixirresistgel.png,,2022
50848,0,Elixirresistflamme.png,,2022
50850,0,Elixirresisttonnerre.png,,2022
50853,0,Elixirresistobscur.png,,2022
55058,0,Competencecheval2.png,,2022
55059,0,Competencecheval2.png,,2022
55057,0,Competencecheval2.png,,2022
55060,0,Competencecheval2.png,,2022
55061,0,Competencecheval2.png,,2022
71186,0,Muffinvert.png,Muffinvertapparence.png,2022
40185,0,Epeedugardancetre+.png,,2022
50031,0,Rosejaune.png,,2022
53327,0,Rudolphenpaindepice.png,Rudolphenpaindepiceapparence.png,2022
53326,0,Tornadeenpaindepice.png,Tornadeenpaindepiceapparence.png,2022
71269,0,Rennetempetedeneige.png,Rennetempetedeneigeapparence.png,2022
71270,0,Rennenuitdhiver.png,Rennenuitdhiverapparence.png,2022
30666,0,Petiteplaquedetitane.png,,2023
30668,0,Noeudsolide+.png,,2023
53346,0,Rench.png,Renchapparence.png,2023
53345,0,Wissel.png,Wisselapparence.png,2023
71156,0,Potiondesagesse.png,,2023
53350,0,Terreurtikiintrepide.png,Terreurtikiintrepideapparence.png,2023
53351,0,Terreurtikiperfide.png,Terreurtikiperfideapparence.png,2023
71275,0,Noblechevaldelegion.png,Noblechevaldelegionapparence.png,2023
71276,0,Sombrechevaldelegion.png,Sombrechevaldelegionapparence.png,2023
71187,0,Nuggetvert.png,Nuggetvertapparence.png,2023
71183,0,Nuggetbrun.png,Nuggetbrunapparence.png,2023
71184,0,Muffinbleu.png,Muffinbleuapparence.png,2023
30652,0,Planmysteres.png,,2024
72740,0,Pageequipementbonusis.png,,2024
70434,0,Parchemintresora.png,,2024
70433,0,Parchemintresorb.png,,2024
70432,0,Parchemintresorc.png,,2024
53356,0,Taureaunoir.png,Taureaunoirapparence.png,2024
53357,0,Taureaubrun.png,Taureaubrunapparence.png,2024
21930,0,Justicierdedurandal.png,,2024
21970,0,Justicierdedurandal.png,,2024
21923,0,Boucherdorcs.png,,2024
21921,0,Daguedefeuillenoire.png,,2024
21931,0,Daguedefeuillenoire.png,,2024
21941,0,Daguedefeuillenoire.png,,2024
21961,0,Daguedefeuillenoire.png,,2024
21922,0,Capteurdereves.png,,2024
21952,0,Capteurdereves.png,,2024
21962,0,Capteurdereves.png,,2024
21972,0,Capteurdereves.png,,2024
21916,0,Foudreettonnerre.png,,2024
21966,0,Foudreettonnerre.png,,2024
21944,0,Baiserdelfe.png,,2024
21955,0,Justicierdesveuves.png,,2024
21965,0,Justicierdesveuves.png,,2024
1107,1,Golemdeglace-min.png,,2010
1093,1,Faucheuse-min.png,,2010
1105,1,Hommedeglacefurieux-min.png,,2010
1103,1,Insectedeglace-min.png,,2010
1102,1,Baleinedeglace-min.png,,2010
1101,1,Glaceenchantee-min.png,,2010
1171,1,Glaceenchanteemoyenne-min.png,,2010
2301,1,Arbrefantome-min.png,,2010
2302,1,Espritdelasouche-min.png,,2010
2303,1,Dryade-min.png,,2010
2304,1,Espritdusaulepleureur-min.png,,2010
2305,1,Arbremalefique-min.png,,2010
193,1,Ours-min.png,,2010
101,1,Chienerrant-min.png,,2010
151,1,Cungmok-min.png,,2010
492,1,Bo-min.png,,2010
392,1,Eunjung-min.png,,2010
396,1,Eunjung-min.png,,2021
591,1,Capitainebestial-min.png,,2010
2107,1,Archerserpent-min.png,,2010
2204,1,Flamme-min.png,,2010
2205,1,Guerrierflamme-min.png,,2010
1303,1,Croquemitaine-min.png,,2010
2402,1,Chasseursetaou-min.png,,2010
2401,1,Guerriersetaou-min.png,,2010
1192,1,Grandesorcieredeglace-min.png,,2010
2202,1,Espritflamme-min.png,,2010
1137,1,Golemdeglace-min.png,,2010
1135,1,Hommedeglacefurieux-min.png,,2010
1133,1,Insectedeglace-min.png,,2010
1131,1,Glaceenchantee-min.png,,2010
1132,1,Baleinedeglace-min.png,,2010
303,1,Generaldusermentblanc-min.png,,2010
304,1,Generaldusermentblanc-min.png,,2010
2311,1,Espritrougedelarbre-min.png,,2010
2312,1,Espritrgedelasouche-min.png,,2010
302,1,Archerdusermentblanc-min.png,,2010
2313,1,Dryaderouge-min.png,,2010
2315,1,Arbremalefiquerouge-min.png,,2010
2306,1,Espritdarbregeant-min.png,,2010
1302,1,Chefgrenarboricole-min.png,,2010
1305,1,Galgrenouilletaureau-min.png,,2010
1401,1,Destructeur-min.png,,2010
1402,1,Berserker-min.png,,2010
1503,1,Golemgeantdepierre-min.png,,2010
140,1,Grizzlymaudit-min.png,,2012
2004,1,Araigneeagriffes-min.png,,2010
2033,1,Arairgevenimfurieuse-min.png,,2010
2032,1,Araigneemortelle-min.png,,2010
533,1,Archerbestial-min.png,,2010
1304,1,Espritdutigrejaune-min.png,,2010
691,1,Cheforc-min.png,,2010
111,1,Grizzly-min.png,,2010
181,1,Grizzlyaffame-min.png,,2010
907,1,Chefpestifere-min.png,,2010
937,1,Chefpestiferefurieux-min.png,,2010
1041,1,Betedemoniaque-min.png,,2010
1040,1,Espriteternel-min.png,,2013
1036,1,Espritduchaos-min.png,,2010
1035,1,Espritderancune-min.png,,2010
1004,1,Chamanedemoniaque-min.png,,2010
1002,1,Archerdemon-min.png,,2010
906,1,Archerpestifere-min.png,,2010
936,1,Archerpestiferefurieux-min.png,,2010
934,1,Combattantpestfurieux-min.png,,2010
932,1,Chieninfecteenrage-min.png,,2010
902,1,Chienpestifere-min.png,,2010
931,1,Amefurieuse-min.png,,2010
901,1,Ameduncorpssansvie-min.png,,2010
352,1,Arcdusermentcraintif-min.png,,2010
171,1,Chienerrantaffame-min.png,,2010
633,1,Combattantorcelite-min.png,,2010
653,1,Combattantorcintrepide-min.png,,2010
635,1,Generalorcdelite-min.png,,2010
655,1,Generalorcintrepide-min.png,,2010
637,1,Geantorcnoir-min.png,,2010
657,1,Geantorcnoirintrepide-min.png,,2010
333,1,Generaldusermentblanc2-min.png,,2010
332,1,Archerdusermentblanc2-min.png,,2010
453,1,Archertnoiredumal-min.png,,2010
403,1,Archerduventnoir-min.png,,2010
551,1,Fortsoldatbarbare-min.png,,2010
552,1,Fortminionbarbare-min.png,,2010
406,1,Guryungduventnoir-min.png,,2010
503,1,Archerbestial-min.png,,2010
553,1,Fortarcherbarbare-min.png,,2010
504,1,Specialistebestial-min.png,,2010
554,1,Fortgeneralbarbare-min.png,,2010
493,1,Goopae-min.png,,2010
494,1,Chuong-min.png,,2010
5101,1,Faiblesingesoldat-min.png,,2010
5102,1,Faiblesingelanceur-min.png,,2010
5103,1,Faiblesingecombattant-min.png,,2010
5104,1,Faiblesingegeneral-min.png,,2010
5121,1,Fortsingesoldat-min.png,,2010
5122,1,Fortsingelanceur-min.png,,2010
5126,1,Fortsingedor-min.png,,2010
2002,1,Araigneevenimeuse-min.png,,2010
2105,1,Archerscorpion-min.png,,2010
2053,1,Arairgevenimfurieuse-min.png,,2010
2003,1,Araigneerougevenimeuse-min.png,,2010
2054,1,Araigneeagriffes2-min.png,,2010
2158,1,Fortbanditdudesert-min.png,,2010
2108,1,Horslaloidudesert-min.png,,2010
2131,1,Jeunehommescorpion-min.png,,2010
701,1,Fanatiquefuneste-min.png,,2010
751,1,Hautfanatique-min.png,,2010
702,1,Arahanfuneste-min.png,,2010
752,1,Hautarahan-min.png,,2010
703,1,Combattantfuneste-min.png,,2010
753,1,Combattanthautarahan-min.png,,2010
704,1,Chefarahanfuneste-min.png,,2010
705,1,Executeurfuneste-min.png,,2010
755,1,Hautjuge-min.png,,2010
756,1,Hauttourmenteur-min.png,,2010
706,1,Bourreaufuneste-min.png,,2010
757,1,Hautevocateur-min.png,,2010
707,1,Invocateurfuneste-min.png,,2010
731,1,Fierfanatiquefuneste-min.png,,2010
732,1,Fierarahanfuneste-min.png,,2010
772,1,Hautarahan-min.png,,2010
733,1,Fiercombattantfuneste-min.png,,2010
773,1,Combattanthautarahan-min.png,,2010
774,1,Hautarahanelite-min.png,,2010
734,1,Fiercheffuneste-min.png,,2010
791,1,Cheffuneste-min.png,,2010
735,1,Fierexecuteurfuneste-min.png,,2010
777,1,Hautevocateur-min.png,,2010
737,1,Invocateuresotelite-min.png,,2010
792,1,Chefesotreincarne-min.png,,2010
5123,1,Fortsingecombattant-min.png,,2010
5124,1,Fortsingegeneral-min.png,,2010
2404,1,Chefsetaou2-min.png,,2010
2412,1,Archersetaou-min.png,,2010
2414,1,Chefsetaou-min.png,,2010
1502,1,Golemdepierre2-min.png,,2012
1501,1,Golemdepierre-min.png,,2012
354,1,Galdusermentcraintif-min.png,,2012
2494,1,Capitaineyonghan-min.png,,2012
2491,1,Capitaineyonghan-min.png,,2012
2492,1,Capitaineyonghan-min.png,,2012
2495,1,Capitaineyonghan-min.png,,2012
2597,1,Charon-min.png,,2012
2598,1,Azrael-min.png,,2012
2546,1,Boucherinfernal-min.png,,2012
2513,1,Boucherinfernal-min.png,,2012
2514,1,Generalinfernal-min.png,,2012
2547,1,Generalinfernal-min.png,,2012
2509,1,Archerinfernal-min.png,,2012
2542,1,Archerinfernal-min.png,,2012
2508,1,Guerrierinfernal-min.png,,2012
2541,1,Guerrierinfernal-min.png,,2012
2506,1,Archerbicephernal-min.png,,2012
2502,1,Chieninfernal-min.png,,2012
2505,1,Gardeinfernal-min.png,,2012
2493,1,Beransetaou-min.png,,2012
2596,1,Erebe-min.png,,2012
603,1,Combattantorc-min.png,,2012
754,1,Hautarahanelite-min.png,,2013
5125,1,Fortsingedepierre-min.png,,2013
2074,1,Araigneeagriffes-min.png,,2013
2072,1,Araigneevenimeuse-min.png,,2013
2073,1,Araigneerougevenimeuse-min.png,,2013
2094,1,Baronaraignee-min.png,,2013
2092,1,Baronnearaignee-min.png,,2013
7000,0,Eventail.png,,2013
7010,0,Eventaildefer.png,,2013
7020,0,Eventaildutigrenoir.png,,2013
1332,1,Grchefgrenarbori-min.png,,2013
7030,0,Eventailailedegrue.png,,2013
7040,0,Eventaildupaon.png,,2013
7050,0,Eventailaquatique.png,,2013
7160,0,Eventailventdautom.png,,2013
7100,0,Eventailtriple.png,,2013
7090,0,Eventailduphoenix.png,,2013
7080,0,Eventaildepiqure.png,,2013
7070,0,Eventaildelocean.png,,2013
7060,0,Eventaildepierre.png,,2013
7150,0,Eventaildextase.png,,2013
7140,0,Eventaildusalut.png,,2013
7120,0,Eventailsoleilnoir.png,,2013
7110,0,Eventailsdecils.png,,2013
7190,0,Eventaildemoniaque.png,,2013
71150,0,Oeufmagique.png,,2013
1070,1,Espriteternel2-min.png,,2013
3001,1,Combattantgnoll-min.png,,2013
3002,1,Archergnoll-min.png,,2013
3003,1,Defenseurgnoll-min.png,,2013
3005,1,Generalgnoll-min.png,,2013
3201,1,Combattantmanticore-min.png,,2013
3204,1,Bourreaumanticore-min.png,,2013
3205,1,Generalcore-min.png,,2013
3404,1,Chasseurtritonique-min.png,,2013
3490,1,Generalkappa-min.png,,2013
3101,1,Casseurnaquunoeil-min.png,,2013
3104,1,Bourreaucyclope-min.png,,2013
3190,1,Arges-min.png,,2013
3105,1,Generaloutis-min.png,,2013
3301,1,Combattantlemure-min.png,,2013
3304,1,Bourreaulemure-min.png,,2013
3305,1,Generallemure-min.png,,2013
3391,1,Gardeducorpslemure-min.png,,2013
3505,1,Generalnoir-min.png,,2013
3590,1,Facedos-min.png,,2013
3601,1,Guerriercrabe-min.png,,2013
3602,1,Archerscorpionique-min.png,,2013
3604,1,Ermitediabolique-min.png,,2013
3605,1,Crabecuirasse-min.png,,2013
3690,1,Generalhomard-min.png,,2013
3701,1,Croqueurgeant-min.png,,2013
3704,1,Bigeant-min.png,,2013
3705,1,Capitainecrochet-min.png,,2013
3790,1,Gargouille-min.png,,2013
3555,1,Generalblanc-min.png,,2013
3595,1,Facedosbrutal-min.png,,2013
3801,1,Bourrogre-min.png,,2013
3802,1,Archielorgre-min.png,,2013
3805,1,Generalogre-min.png,,2013
3890,1,Fortprinceochao-min.png,,2013
3091,1,Gardegnollsupreme-min.png,,2013
3591,1,Chefrouge-min.png,,2013
3596,1,Chefrougebrutal-min.png,,2013
334,1,Generaldusermentblanc2-min.png,,2013
3911,1,Espritdarbregeant-min.png,,2013
3912,1,Espritdarbregeant-min.png,,2013
8507,1,Horslaloidudesert2-min.png,,2013
8510,1,Fortguerrierflamme-min.png,,2013
2153,1,Fortroiscorpion-min.png,,2013
2152,1,Fortdervish-min.png,,2013
7020,1,Fortespritflamme-min.png,,2013
7022,1,Fortespritdesflammes-min.png,,2013
2232,1,Fortespritflamme-min.png,,2013
5002,1,Haetae-min.png,,2013
8501,1,Chienerrant2-min.png,,2013
8505,1,Geantorcnoir2-min.png,,2013
8506,1,Chefgrenarboricole2-min.png,,2013
8511,1,Golemdeglace2-min.png,,2013
3909,1,Generalblanc-min.png,,2013
3908,1,Voleurrgebourrbrutal-min.png,,2013
6003,1,Flammeardente-min.png,,2014
6001,1,Espritflammeardent-min.png,,2014
6004,1,Guerrierflammeardent-min.png,,2014
6008,1,Generalflammeardent-min.png,,2014
6007,1,Barbeflammeardent-min.png,,2014
6051,1,Princeflammeardent-min.png,,2014
6101,1,Cristalgele-min.png,,2014
6102,1,Insectealgide-min.png,,2014
6103,1,Hommealgide-min.png,,2014
6105,1,Golemalgide-min.png,,2014
6107,1,Barbegel-min.png,,2014
6108,1,Generalalgide-min.png,,2014
6301,1,Combattantochao-min.png,,2015
6304,1,Bourreauochao-min.png,,2015
6305,1,Generalochao-min.png,,2015
6392,1,Gardeducorpsochao-min.png,,2015
6405,1,Gardienentai-min.png,,2015
6401,1,Combattantentai-min.png,,2015
6402,1,Guerrierentai-min.png,,2015
6403,1,Druideentai-min.png,,2015
6404,1,Guerisseurentai-min.png,,2015
6406,1,Destructeurentai-min.png,,2015
40127,0,Eventailglace+.png,,2015
6408,1,Bagjanamu-min.png,,2016
6409,1,Magicienochao-min.png,,2016
6412,1,Druideentai-min.png,,2016
6411,1,Guerrierentai-min.png,,2016
6410,1,Combattantentai-min.png,,2016
6414,1,Destructeurentai-min.png,,2016
6413,1,Guerisseurentai-min.png,,2016
6307,1,Soldatochao-min.png,,2016
6306,1,Combattantochao-min.png,,2016
6308,1,Magicienochao-min.png,,2016
6309,1,Bourreauochao-min.png,,2016
6310,1,Generalochao-min.png,,2016
6393,1,Fortprinceochao-min.png,,2016
6394,1,Fgardeducorpsochao-min.png,,2016
6112,1,Insectedemagma-min.png,,2016
6111,1,Golemdemagma-min.png,,2016
6116,1,Idallgardedudragon-min.png,,2016
771,1,Hautfanatique-min.png,,2017
433,1,Archerduventnoir-min.png,,2017
86001,0,Etoledezisimple.png,,2017
6421,1,Baashido-min.png,,2017
7300,0,Eventailduzodiaque.png,,2018
7500,0,Eventaildekyanite.png,,2018
3991,1,Espritobscur-min.png,,2020
3990,1,Espritrocheux-min.png,,2020
3988,1,Espritsurvolte-min.png,,2020
3987,1,Espritgelee-min.png,,2020
3986,1,Espritardent-min.png,,2020
3989,1,Espritaerien-min.png,,2020
4006,1,Gardienelementaire-min.png,,2020
7310,0,Eventaildudragonobscur.png,,2020
31196,0,Plandepeeev.png,,2020
31200,0,Plandelameev.png,,2020
31197,0,Modeledestyletev.png,,2020
31199,0,Plandarcev.png,,2020
31198,0,Plandagueev.png,,2020
31201,0,Plandegong.png,,2020
31203,0,Planevent.png,,2020
31202,0,Plandegriffe.png,,2020
31204,0,Planarmureguerrier.png,,2020
31206,0,Planarmuresura.png,,2020
31205,0,Planarmureninja.png,,2020
31208,0,Planarmurelycan.png,,2020
31207,0,Planarmurechamane.png,,2020
31209,0,Planheaumeguerrier.png,,2020
31211,0,Planheaumesura.png,,2020
31210,0,Planheaumeninja.png,,2020
31213,0,Planheaumelycan.png,,2020
31212,0,Plancasquechamane.png,,2020
6710,1,Espritmalmene-min.png,,2020
6714,1,Archeretrollfeu-min.png,,2020
6711,1,Chieninfernalfeu-min.png,,2020
6700,1,Chieninfernalobscurite-min.png,,2020
6713,1,Guerriertrollfeu-min.png,,2020
6715,1,Chamanetrollfeu-min.png,,2020
6721,1,Combattantmyreterre-min.png,,2020
6720,1,Golemmyreterre-min.png,,2020
6728,1,Combattantmyrevent-min.png,,2020
6727,1,Golemmyrevent-min.png,,2020
6717,1,Argosfeu-min.png,,2020
6706,1,Argosobscurite-min.png,,2020
6800,1,Guerriergnoll-min.png,,2020
6805,1,Maitregnoll-min.png,,2021
6807,1,Guerriergnoll-min.png,,2021
6809,1,Marshallgnoll-min.png,,2021
6810,1,Guerrierahtrin-min.png,,2021
6863,1,Archergongobscurite-min.png,,2021
6868,1,Archergongglace-min.png,,2021
6760,1,Guerriercorrompuobscurite-min.png,,2021
6762,1,Generalcorrompuobscurite-min.png,,2021
6879,1,Generalcorromputerre-min.png,,2021
6748,1,Chasseurkappavent-min.png,,2021
86004,0,Etoledezirare.png,,2021
86003,0,Etoledezinoble.png,,2021
6771,1,Guetteurgeleglace-min.png,,2021
6772,1,Guerriergeleglace-min.png,,2021
6773,1,Chasseurgeleglace-min.png,,2021
6780,1,Espritdaquilonglace-min.png,,2021
6774,1,Generalgeleglace-min.png,,2021
6781,1,Golemdaquilonglace-min.png,,2021
6782,1,Bigfootglace-min.png,,2021
6783,1,Chefguerrierdaquilonglace-min.png,,2021
6883,1,Guetteurgelefoudre-min.png,,2021
6884,1,Guerriergelefoudre-min.png,,2021
6885,1,Chasseurgelefoudre-min.png,,2021
6886,1,Generalgelefoudre-min.png,,2021
7346,0,Eventailserpentfabr.png,,2021
6786,1,Guerriercitadaquilon-min.png,,2021
6788,1,Generalcitaddaquilon-min.png,,2021
7330,0,Eventailserpent.png,,2021
6794,1,Guerriercitadaquilonfoudre-min.png,,2021
6796,1,Generalcitaddaquilonfoudre-min.png,,2021
6702,1,Guerriertrollobscurite-min.png,,2022
6703,1,Archeretrollobscurite-min.png,,2022
6704,1,Chamanetrollobscurite-min.png,,2022
6789,1,Chefguerriercitadelle-min.png,,2022
6500,1,Akzadurroidragon-min.png,,2018
6502,1,Akzadurroidragon-min.png,,2022
6813,1,Commandantahtrin-min.png,,2022
6814,1,Capitaineahtrin-min.png,,2022
6815,1,Capitaineahtrin-min.png,,2022
6816,1,Guerrierahtrin-min.png,,2022
6818,1,Commandantahtrin-min.png,,2022
6820,1,Maitreahtrin-min.png,,2022
6775,1,Chefgeleglace-min.png,,2022
6776,1,Chefguerriergeleglace-min.png,,2022
6887,1,Chefgelefoudre-min.png,,2022
6888,1,Chefguerriergelefoudre-min.png,,2022
6880,1,Chefcorromputerre-min.png,,2022
6881,1,Chefguerriercorromputerre-min.png,,2022
6763,1,Chefcorrompuobscurite-min.png,,2022
6764,1,Chefguerriercorrompuobscurite-min.png,,2022
6777,1,Cerfdeglacepossede-min.png,,2022
6889,1,Cerfroidmaudit-min.png,,2022
6892,1,Espritdaquilonfoudre-min.png,,2022
6893,1,Golemdaquilonfoudre-min.png,,2022
6894,1,Bigfootfoudre-min.png,,2022
6895,1,Chefguerrierdaquilonfoudre-min.png,,2022
6754,1,Asceteserpentvent-min.png,,2022
6755,1,Guerrierserpentcruelglace-min.png,,2022
6765,1,Guerrierserpentcruelglace-min.png,,2022
40141,0,Eventaildaquarus.png,,2022
6797,1,Chefguerriercitadellefoudre-min.png,,2022
6854,1,Asceteserpentvent-min.png,,2022
40155,0,Eventaildedokkaebi.png,,2022
2052,1,Araigneemortelle-min.png,,2022
2034,1,Araigneeagriffes2-min.png,,2022
2062,1,Araigneevenimeuse2-min.png,,2022
2063,1,Araigneerougevenimeuse2-min.png,,2022
2064,1,Araigneevenimgriffue-min.png,,2022
2132,1,Archerscorpion-min.png,,2022
2134,1,Archerserpent-min.png,,2022
2135,1,Horslaloidudesert-min.png,,2022
1336,1,Galgrenouilletaureau-min.png,,2022
40190,0,Eventaildugardancetre+.png,,2022
40113,0,Eventailcrante.png,,2022
1071,1,Betedemoniaque2-min.png,,2022
40176,0,Eventaildepizzas.png,,2022
7132,1,Grizzlymaudit-min.png,,2023
7138,1,Combattantorcelite-min.png,,2023
7140,1,Generalorcdelite-min.png,,2013
7142,1,Geantorcnoir-min.png,,2023
7145,1,Combattantorcintrepide-min.png,,2023
7147,1,Generalorcintrepide-min.png,,2023
7155,1,Archerscorpion-min.png,,2023
7157,1,Archerserpent-min.png,,2023
7158,1,Horslaloidudesert-min.png,,2023
7159,1,Jeunehommescorpion-min.png,,2023
7161,1,Araigneevenimeuse-min.png,,2023
7162,1,Arairgevenimfurieuse-min.png,,2023
7163,1,Araigneeagriffes2-min.png,,2023
7174,1,Glaceenchantee-min.png,,2023
7175,1,Baleinedeglace-min.png,,2023
7176,1,Insectedeglace-min.png,,2023
7178,1,Hommedeglacefurieux-min.png,,2023
7180,1,Golemdeglace-min.png,,2023
7181,1,Chienpestifere-min.png,,2023
7185,1,Archerpestifere-min.png,,2023
7198,1,Combattantentai-min.png,,2023
7199,1,Guerrierentai-min.png,,2023
7200,1,Druideentai-min.png,,2023
7201,1,Guerisseurentai-min.png,,2023
7202,1,Destructeurentai-min.png,,2023
7149,1,Geantorcnoirintrepide-min.png,,2023
7165,1,Espritflamme-min.png,,2023
7167,1,Flamme-min.png,,2023
7172,1,Fortespritdesflammes-min.png,,2023
7168,1,Guerrierflamme-min.png,,2023
7173,1,Fortguerrierflamme-min.png,,2023
7170,1,Fortespritflamme-min.png,,2023
7210,1,Commandantenvahisseur-min.png,,2023
7205,1,Combattantlemure-min.png,,2023
7207,1,Bourreaulemure-min.png,,2023
7187,1,Chieninfernal-min.png,,2023
7190,1,Gardeinfernal-min.png,,2013
7191,1,Archerbicephernal-min.png,,2023
7192,1,Griffeurinfernal-min.png,,2023
7194,1,Archerinfernal-min.png,,2023
7193,1,Guerrierinfernal-min.png,,2023
7211,1,Commenvahisseurfeu-min.png,,2023
7212,1,Commenvahisseurglace-min.png,,2023
7213,1,Commenvahisseureclair-min.png,,2023
7214,1,Commenvahisseurvent-min.png,,2023
7215,1,Commenvahisseurterre-min.png,,2023
7216,1,Commenvahisseurobscur-min.png,,2023
3960,1,Hydre-min.png,,2023
3961,1,Hydre-min.png,,2023
3962,1,Hydre-min.png,,2023
6203,1,Insectedemagma-min.png,,2024
6202,1,Golemdemagma-min.png,,2024
6113,1,Hommemagmatique-min.png,,2024
6204,1,Hommemagmatique-min.png,,2024
6114,1,Cristaldemagma-min.png,,2024
6205,1,Cristaldemagma-min.png,,2024
6207,1,Idallgardedudragon-min.png,,2024
7551,1,Debauchetourinfernalefeu-min.png,,2024
7558,1,Debauchetourinfernaleglace-min.png,,2024
7565,1,Debauchetourinfernalefoudre-min.png,,2024
7572,1,Debauchetourinfernalevent-min.png,,2024
7579,1,Debauchetourinfernaleterre-min.png,,2024
7586,1,Debauchetourinfernaleobscurite-min.png,,2024
7552,1,Berserkertourinfernalefeu-min.png,,2024
7559,1,Berserkertourinfernaleglace-min.png,,2024
7566,1,Berserkertourinfernalefoudre-min.png,,2024
7573,1,Berserkertourinfernalevent-min.png,,2024
7580,1,Berserkertourinfernaleterre-min.png,,2024
7587,1,Berserkertourinfernaleobscurite-min.png,,2024
7554,1,Bouchertourinfernalefeu-min.png,,2024
7561,1,Bouchertourinfernaleglace-min.png,,2024
7568,1,Bouchertourinfernalefoudre-min.png,,2024
7575,1,Bouchertourinfernalevent-min.png,,2024
7582,1,Bouchertourinfernaleterre-min.png,,2024
7589,1,Bouchertourinfernaleobscurite-min.png,,2024
7556,1,Gmaitretourinfernalefeu-min.png,,2024
7563,1,Gmaitretourinfernaleglace-min.png,,2024
7570,1,Gmaitretourinfernalefoudre-min.png,,2024
7577,1,Gmaitretourinfernalevent-min.png,,2024
7584,1,Gmaitretourinfernaleterre-min.png,,2024
7591,1,Gmaitretourinfernaleobscurite-min.png,,2024
1138,1,Golemdeglace-min.png,,2024
2415,1,Chefsetaou-min.png,,2024
21936,0,Foudreettonnerre.png,,2024
3955,1,Guerriermureneabyssal-min.png,,2024
3957,1,Couveedelhydre-min.png,,2024
2076,1,Soldataraignee-min.png,,2024
3904,1,Capitainecrochet-min.png,,2024
1108,1,Golemdeglace-min.png,,2024
2507,1,Griffeurinfernal-min.png,,2024
4153,1,Asmodeus-min.png,,2024
4159,1,Guerrierdeladamnation-min.png,,2024
5201,1,Chienerrantaffame-min.png,,2024
7595,1,Archergongobscurite-min.png,,2024
7592,1,Espritgelee-min.png,,2024
7593,1,Espritsurvolte-min.png,,2024
6516,1,Gardiendeprimordis-min.png,,2024
6524,1,Dilo-min.png,,2024
6531,1,Jeunetyranno-min.png,,2024
6528,1,Petitdorixex-min.png,,2024
1901,1,Neufqueues-min.png,,2010
1106,1,Yeti-min.png,,2010
1104,1,Liondeglace-min.png,,2010
194,1,Tigris-min.png,,2010
192,1,Scrofa-min.png,,2010
191,1,Lykos-min.png,,2010
114,1,Tigre-min.png,,2010
155,1,Lian-min.png,,2010
102,1,Loup-min.png,,2010
110,1,Ours-min.png,,2010
115,1,Tigreblanc-min.png,,2010
185,1,Tigreblancaffame-min.png,,2010
5115,1,Singedepierre-min.png,,2010
394,1,Jinhee-min.png,,2010
393,1,Serang-min.png,,2010
397,1,Serang-min.png,,2010
903,1,Pestifere-min.png,,2010
534,1,Specialistebestial-min.png,,2010
2005,1,Soldataraignee-min.png,,2010
2106,1,Epeisteserpent-min.png,,2010
2403,1,Voyantesetaou-min.png,,2010
1301,1,Soldatgrenarboricole-min.png,,2010
2203,1,Tigredecombat-min.png,,2010
2201,1,Tigreminion-min.png,,2010
2206,1,Roiflamme-min.png,,2010
1136,1,Yeti-min.png,,2010
1134,1,Liondeglace-min.png,,2010
391,1,Mijung-min.png,,2010
395,1,Mijung-min.png,,2010
2314,1,Saulepleureurrouge-min.png,,2010
301,1,Soldatdusermentblanc-min.png,,2010
2103,1,Roiscorpion-min.png,,2010
1601,1,Ogreguerrier-min.png,,2010
1602,1,Ogreboucher-min.png,,2010
1603,1,Ogreberserker-min.png,,2010
1403,1,Milliercombattant-min.png,,2010
143,1,Tigremaudit-min.png,,2010
141,1,Oursnoirmaudit-min.png,,2010
139,1,Oursmaudit-min.png,,2010
138,1,Sanglierrougemaudit-min.png,,2010
134,1,Loupbleumaudit-min.png,,2010
133,1,Loupbleumaudit-min.png,,2010
132,1,Loupmaudit-min.png,,2010
131,1,Loupmaudit-min.png,,2010
2091,1,Reinearaignee-min.png,,2010
2035,1,Soldataraigneevenim-min.png,,2010
2036,1,Soldataraigneevenim-min.png,,2010
2031,1,Jeunearaigneevenimeuse-min.png,,2010
172,1,Loupaffame-min.png,,2010
5162,1,Singequimarche-min.png,,2010
1092,1,Roidemonelite-min.png,,2010
1091,1,Roidemon-min.png,,2010
180,1,Oursaffame-min.png,,2012
112,1,Oursnoir-min.png,,2010
182,1,Oursnoiraffame-min.png,,2010
154,1,Youngji-min.png,,2010
398,1,Jinhee-min.png,,2010
601,1,Orc-min.png,,2010
2191,1,Tortuedessablesgeante-min.png,,2010
5163,1,Seigneursinge-min.png,,2010
1069,1,Viletetemortvolante-min.png,,2010
1039,1,Tetedemortvolante-min.png,,2010
1066,1,Vilespritduchaos-min.png,,2010
1038,1,Maitreaepeesquelette-min.png,,2010
1065,1,Vilespritderancune-min.png,,2010
1034,1,Chamanedemoniaque-min.png,,2010
1032,1,Archerdemon-min.png,,2010
1031,1,Soldatdemoniaque-min.png,,2010
1001,1,Soldatdemoniaque-min.png,,2010
935,1,Lancierpestfurieux-min.png,,2010
905,1,Lancierpestifere-min.png,,2010
904,1,Soldatpestifere-min.png,,2010
532,1,Maniacbestial-min.png,,2010
531,1,Soldatbestial-min.png,,2010
351,1,Solddusermentcraintif-min.png,,2010
108,1,Sanglier-min.png,,2010
178,1,Sangliermaudit-min.png,,2010
179,1,Sanglierrougemaudit-min.png,,2010
109,1,Sanglierrouge-min.png,,2010
144,1,Tigreblancmaudit-min.png,,2010
142,1,Oursbrunmaudit-min.png,,2010
136,1,Loupgrismaudit-min.png,,2010
183,1,Oursbrunmaudit-min.png,,2010
113,1,Oursbrun-min.png,,2010
184,1,Tigreaffame-min.png,,2010
152,1,Murang-min.png,,2010
177,1,Loupgrisaffame-min.png,,2010
107,1,Loupgris-min.png,,2010
176,1,Loupgrisaffame-min.png,,2010
106,1,Loupgris-min.png,,2010
153,1,Jughyul-min.png,,2010
175,1,Loupbleuaffame-min.png,,2010
105,1,Loupbleu-min.png,,2010
174,1,Loupbleuaffame-min.png,,2010
104,1,Loupbleu-min.png,,2010
173,1,Loupaffame-min.png,,2010
103,1,Loup-min.png,,2010
604,1,Sorcierorc-min.png,,2010
631,1,Orcelite-min.png,,2010
632,1,Eclaireurorcelite-min.png,,2010
652,1,Eclaireurorcintrepide-min.png,,2010
654,1,Sorcierorcintrepide-min.png,,2010
634,1,Sorcierorcelite-min.png,,2010
656,1,Orcnoirintrepide-min.png,,2010
636,1,Orcnoir-min.png,,2010
331,1,Soldatdusermentblanc2-min.png,,2010
401,1,Soldatduventnoir-min.png,,2010
402,1,Maniacduventnoir-min.png,,2010
451,1,Soldattnoiredumal-min.png,,2010
501,1,Soldatbestial-min.png,,2010
404,1,Jaktoduventnoir-min.png,,2010
454,1,Johhwantnoiredumal-min.png,,2010
502,1,Maniacbestial-min.png,,2010
491,1,Mahon-min.png,,2010
405,1,Tosuduventnoir-min.png,,2010
455,1,Kyukjangtnoiredumal-min.png,,2010
456,1,Phohwangtnoiredumal-min.png,,2010
435,1,Tosuduventnoir-min.png,,2010
5161,1,Singedepierre2-min.png,,2010
5111,1,Singesoldat-min.png,,2010
5112,1,Singelanceur-min.png,,2010
5113,1,Singecombattant-min.png,,2010
5114,1,Singegeneral-min.png,,2010
5151,1,Faiblesingesoldat-min.png,,2010
5152,1,Faiblesingesoldat-min.png,,2010
5153,1,Faiblesingesoldat-min.png,,2010
5154,1,Faiblesingesoldat-min.png,,2010
5155,1,Fortsingedepierre-min.png,,2010
5156,1,Fortsingedor-min.png,,2010
2001,1,Jeunearaignee-min.png,,2010
2051,1,Jeunearaigneevenimeuse-min.png,,2010
2104,1,Jeunehommescorpion-min.png,,2010
775,1,Hautjuge-min.png,,2010
736,1,Tourmenteuresoelite-min.png,,2010
776,1,Hauttourmenteur-min.png,,2010
1003,1,Lancierdemoniaque-min.png,,2010
1033,1,Lancierdemoniaque-min.png,,2010
2411,1,Soldatsetaou-min.png,,2010
2413,1,Maitressesetaou-min.png,,2010
2591,1,Erebe-min.png,,2012
2595,1,Erebe-min.png,,2012
2511,1,Pretreinfernal-min.png,,2012
2544,1,Pretreinfernal-min.png,,2012
2510,1,Lancierinfernal-min.png,,2012
2543,1,Lancierinfernal-min.png,,2012
2512,1,Majorinfernal-min.png,,2012
2545,1,Majorinfernal-min.png,,2012
2501,1,Meduseinfernale-min.png,,2012
2503,1,Zombie-min.png,,2012
2504,1,Officierinfernal-min.png,,2012
602,1,Eclaireurorc-min.png,,2012
651,1,Orcintrepide-min.png,,2013
1068,1,Maitreaepeefantome-min.png,,2013
2071,1,Jeunearaignee-min.png,,2013
2075,1,Soldataraignee-min.png,,2013
2095,1,Oeufdaraignee2-min.png,,2013
933,1,Pestiferefurieux-min.png,,2013
1037,1,Vilchefdemoniaque-min.png,,2013
3004,1,Magiciengnoll-min.png,,2013
3202,1,Soldatmanticore-min.png,,2013
3203,1,Magemanticore-min.png,,2013
3290,1,Rakshasa-min.png,,2013
3401,1,Murenetritonique-min.png,,2013
3402,1,Soldatrequin-min.png,,2013
3403,1,Magicientritonique-min.png,,2013
3491,1,Triton-min.png,,2013
3102,1,Soldatcyclope-min.png,,2013
3103,1,Magiciencyclope-min.png,,2013
3191,1,Polypheme-min.png,,2013
3302,1,Soldatlemure-min.png,,2013
3303,1,Magicienlemure-min.png,,2013
3390,1,Princelemure-min.png,,2013
3501,1,Voleurrougeamazone-min.png,,2013
3502,1,Voleurrougeassassin-min.png,,2013
3503,1,Voleurrougemagicien-min.png,,2013
3504,1,Voleurrougebourreau-min.png,,2013
3603,1,Soldatcrevette-min.png,,2013
3691,1,Roidescrabes-min.png,,2013
3702,1,Tueurgeant-min.png,,2013
3703,1,Magiciengeant-min.png,,2013
3791,1,Roiwobba-min.png,,2013
3551,1,Voleurrgeamazbrutal-min.png,,2013
3552,1,Voleurrgeassasbrutal-min.png,,2013
3553,1,Voleurrgemagebrutal-min.png,,2013
3554,1,Voleurrgebourrbrutal-min.png,,2013
3803,1,Ogredebataille-min.png,,2013
3804,1,Ogremagicien-min.png,,2013
3891,1,Fgardeducorpsochao-min.png,,2013
3291,1,Martyaxwar-min.png,,2013
3090,1,Seigneurgnoll-min.png,,2012
436,1,Guryungduventnoir-min.png,,2013
3913,1,Espritdarbregeant-min.png,,2013
3905,1,Serang-min.png,,2013
3906,1,Jinhee-min.png,,2013
2101,1,Renard-min.png,,2013
7010,1,Tuguicommandantblanc-min.png,,2013
7021,1,Tigredecombatfort-min.png,,2013
7019,1,Tigreminionfort-min.png,,2013
7023,1,Fortguerrierflamme-min.png,,2013
7028,1,Arbremalefiquerouge-min.png,,2013
1191,1,Grandesorcieredeglace-min.png,,2013
5142,1,Faiblesingesoldat-min.png,,2013
8502,1,Sanglier2-min.png,,2013
8504,1,Tigreblanc2-min.png,,2013
8503,1,Ours2-min.png,,2013
8508,1,Tourmenteuresoterique-min.png,,2013
8509,1,Invocateuresoterique-min.png,,2013
3907,1,Voleurrgemagebrutal-min.png,,2013
3910,1,Facedos-min.png,,2013
6002,1,Tigreflammeardent-min.png,,2014
6005,1,Roiflammeardent-min.png,,2014
6009,1,Princeflammeardent-min.png,,2014
6091,1,Razador-min.png,,2014
6104,1,Yetialgide-min.png,,2014
6106,1,Trollalgide-min.png,,2014
6151,1,Seigneuralgide-min.png,,2014
6191,1,Nemere-min.png,,2014
6302,1,Soldatochao-min.png,,2015
6303,1,Magicienochao-min.png,,2015
6407,1,Seigneurentai-min.png,,2015
6391,1,Princeochao-min.png,,2015
6192,1,Jotunthrym-min.png,,2016
6115,1,Wyvernedemagma-min.png,,2016
6117,1,Sbiredidall-min.png,,2016
5001,1,Piratetanaka-min.png,,2016
431,1,Soldatduventnoir-min.png,,2017
432,1,Maniacduventnoir-min.png,,2017
434,1,Jaktoduventnoir-min.png,,2017
4302,1,Flammeardente-min.png,,2020
4300,1,Espritflammeardent-min.png,,2020
4303,1,Guerrierflammeardent-min.png,,2020
4306,1,Evbarbeflammeardent-min.png,,2020
4200,1,Guerriersetaou-min.png,,2020
4201,1,Chasseursetaou-min.png,,2020
4202,1,Voyantesetaou-min.png,,2020
4203,1,Soldatsetaou-min.png,,2020
4204,1,Archersetaou-min.png,,2020
4205,1,Maitressesetaou-min.png,,2020
4206,1,Chefsetaou-min.png,,2020
4208,1,Capitaineyonghan-min.png,,2020
4210,1,Capitaineyonghan-min.png,,2020
4207,1,Capitaineyonghan-min.png,,2020
4229,1,Princeflammeardent-min.png,,2020
4220,1,Espritflammeardent-min.png,,2020
4221,1,Tigreflammeardent-min.png,,2020
4222,1,Flammeardente-min.png,,2020
4223,1,Guerrierflammeardent-min.png,,2020
4224,1,Roiflammeardent-min.png,,2020
4228,1,Princeflammeardent-min.png,,2020
4227,1,Generalflammeardent-min.png,,2020
4226,1,Barbeflammeardent-min.png,,2020
4280,1,Evguerriersetaou-min.png,,2020
4281,1,Evchasseursetaou-min.png,,2020
4284,1,Evarchersetaou-min.png,,2020
4286,1,Evchefsetaou-min.png,,2020
4287,1,Capitaineyonghan-min.png,,2020
4288,1,Capitaineyonghan-min.png,,2020
4400,1,Beransetaou-min.png,,2020
4410,1,Evberansetaou-min.png,,2020
4260,1,Combattantentai-min.png,,2020
4267,1,Combattantentai-min.png,,2020
4268,1,Guerrierentai-min.png,,2020
4262,1,Druideentai-min.png,,2020
4269,1,Druideentai-min.png,,2020
4263,1,Guerisseurentai-min.png,,2020
4270,1,Guerisseurentai-min.png,,2020
4264,1,Destructeurentai-min.png,,2020
4271,1,Destructeurentai-min.png,,2020
4265,1,Seigneurentai-min.png,,2020
4340,1,Combattantentai-min.png,,2020
4347,1,Combattantentai-min.png,,2020
4261,1,Guerrierentai-min.png,,2020
4348,1,Guerrierentai-min.png,,2020
4342,1,Druideentai-min.png,,2020
4349,1,Druideentai-min.png,,2020
4343,1,Guerisseurentai-min.png,,2020
4350,1,Guerisseurentai-min.png,,2020
4344,1,Evdestructeurentai-min.png,,2020
4351,1,Evdestructeurentai-min.png,,2020
4266,1,Magicienochao-min.png,,2020
4272,1,Bagjanamu-min.png,,2020
4403,1,Jotunthrym-min.png,,2020
4346,1,Magicienochao-min.png,,2020
4352,1,Evbagjanamu-min.png,,2020
4249,1,Seigneuralgide-min.png,,2020
4402,1,Nemere-min.png,,2020
4240,1,Cristalgele-min.png,,2020
4241,1,Insectealgide-min.png,,2020
4242,1,Hommealgide-min.png,,2020
4243,1,Yetialgide-min.png,,2020
4244,1,Golemalgide-min.png,,2020
4245,1,Trollalgide-min.png,,2020
4246,1,Barbegel-min.png,,2020
4247,1,Generalalgide-min.png,,2020
4248,1,Seigneuralgide-min.png,,2020
4320,1,Cristalgele-min.png,,2020
4324,1,Golemalgide-min.png,,2020
4326,1,Evbarbegel-min.png,,2020
4401,1,Razador-min.png,,2020
3985,1,Elementaireobscur-min.png,,2020
3984,1,Elementaireterr-min.png,,2020
3982,1,Elementaireeclair-min.png,,2020
3981,1,Elementairegivre-min.png,,2020
3980,1,Elementaireardent-min.png,,2020
3983,1,Elementairerafale-min.png,,2020
3994,1,Elementaireeclair-min.png,,2020
3993,1,Elementairegivre-min.png,,2020
3992,1,Elementaireardent-min.png,,2020
3995,1,Elementairerafale-min.png,,2020
3996,1,Elementaireterr-min.png,,2020
3997,1,Elementaireobscur-min.png,,2020
6686,1,Epeistejinobscurite-min.png,,2020
6687,1,Lancierkiobscurite-min.png,,2020
6689,1,Archergongobscurite-min.png,,2020
6690,1,Moinemysterieuxobscurite-min.png,,2020
6688,1,Lanciermaoobscurite-min.png,,2020
6693,1,Epeistejinglace-min.png,,2020
6696,1,Archergongglace-min.png,,2020
6694,1,Lancierkiglace-min.png,,2020
6695,1,Lanciermaoglace-min.png,,2020
6697,1,Moinemysterieuxglace-min.png,,2020
6698,1,Epeistekaoglace-min.png,,2020
6691,1,Epeistekaoobscurite-min.png,,2020
6699,1,Roibao-min.png,,2020
6692,1,Roibaoquete-min.png,,2020
6701,1,Soldattrollobscurite-min.png,,2020
6718,1,Kovixmyreterre-min.png,,2020
6719,1,Proletarienmyreterre-min.png,,2020
6722,1,Sorciermyreterre-min.png,,2020
6729,1,Sorciermyrevent-min.png,,2020
6725,1,Kovixmyrevent-min.png,,2020
6726,1,Proletarienmyrevent-min.png,,2020
6731,1,Primusmyrevent-min.png,,2020
3956,1,Guerrierserpentcruelglace-min.png,,2020
6716,1,Natananfeu-min.png,,2020
6724,1,Primusmyreterre-min.png,,2020
6801,1,Guerriergnoll-min.png,,2020
6803,1,Marshallgnoll-min.png,,2021
6804,1,Maitregnoll-min.png,,2021
6802,1,Sorciergnoll-min.png,,2021
6806,1,Guerriergnoll-min.png,,2021
6808,1,Sorciergnoll-min.png,,2021
6811,1,Guerrierahtrin-min.png,,2021
6862,1,Lanciermaoobscurite-min.png,,2021
6861,1,Lancierkiobscurite-min.png,,2021
6866,1,Lancierkiglace-min.png,,2021
6867,1,Lanciermaoglace-min.png,,2021
6871,1,Moinemysterieuxobscurite-min.png,,2021
6870,1,Moinemysterieuxglace-min.png,,2021
6758,1,Soldatcorrompuobscurite-min.png,,2021
6759,1,Tirailleurcorrompuobscurite-min.png,,2021
6761,1,Moinecorrompuobscurite-min.png,,2021
6875,1,Soldatcorromputerre-min.png,,2021
6876,1,Tirailleurcorromputerre-min.png,,2021
6878,1,Moinecorromputerre-min.png,,2021
6744,1,Soldatkappavent-min.png,,2021
6746,1,Soldatkappavent-min.png,,2021
6745,1,Ouvrierkappavent-min.png,,2021
6747,1,Magicienkappavent-min.png,,2021
6749,1,Kappacruel-min.png,,2021
6770,1,Renardgele-min.png,,2021
6778,1,Leoparddeglacepossedeglace-min.png,,2021
6779,1,Yetidaquilonglace-min.png,,2021
6882,1,Renardaname-min.png,,2021
6860,1,Epeistejinobscurite-min.png,,2021
6865,1,Epeistejinglace-min.png,,2021
6864,1,Epeistekaoobscurite-min.png,,2021
6869,1,Epeistekaoglace-min.png,,2021
6784,1,Soldatdaquilon-min.png,,2021
6785,1,Tirailleurdelacita-min.png,,2021
6787,1,Sorciercitadaquilon-min.png,,2021
6792,1,Soldatdaquilonfoudre-min.png,,2021
6793,1,Tirailleurdelacitafoudre-min.png,,2021
6795,1,Sorciercitadaquilonfoudre-min.png,,2021
6712,1,Soldattrollfeu-min.png,,2022
6504,1,Tyolduranleroidragon-min.png,,2022
6501,1,Nafarothleroidragon-min.png,,2022
6503,1,Nafarothleroidragon-min.png,,2022
6812,1,Sorcierahtrin-min.png,,2022
6817,1,Sorcierahtrin-min.png,,2022
6819,1,Maitreahtrin-min.png,,2022
6723,1,Veteranmyreterre-min.png,,2022
6730,1,Veteranmyrevent-min.png,,2022
6705,1,Natananobscurite-min.png,,2022
6890,1,Leoparddeglacepossedefoudre-min.png,,2022
6891,1,Yetidaquilonfoudre-min.png,,2022
6750,1,Scorpentterre-min.png,,2022
6751,1,Ouvrierserpentglace-min.png,,2022
6752,1,Serpentkappavent-min.png,,2022
6753,1,Soldatserpentvent-min.png,,2022
6851,1,Ouvrierserpentfeu-min.png,,2022
6852,1,Serpentkappaglace-min.png,,2022
6756,1,Reinenethis-min.png,,2022
2061,1,Jeunearaigneevenimeuse2-min.png,,2022
2065,1,Soldataraigneevenim2-min.png,,2022
2133,1,Epeisteserpent-min.png,,2022
135,1,Loupgrismaudit-min.png,,2022
4341,1,Guerrierentai-min.png,,2022
1061,1,Vilsoldatdemoniaque-min.png,,2022
1062,1,Vilarcherdemoniaque-min.png,,2022
1063,1,Villancierdemoniaque-min.png,,2022
1064,1,Vilchamanedemoniaque-min.png,,2022
1067,1,Vilchefdemoniaque2-min.png,,2022
7125,1,Loupmaudit-min.png,,2023
7126,1,Loupmaudit-min.png,,2023
7127,1,Loupbleumaudit-min.png,,2023
7128,1,Loupgrismaudit-min.png,,2023
7129,1,Sangliermaudit-min.png,,2023
7130,1,Sanglierrougemaudit-min.png,,2013
7131,1,Oursmaudit-min.png,,2023
7133,1,Oursnoirmaudit-min.png,,2023
7134,1,Oursbrunmaudit-min.png,,2023
7135,1,Tigremaudit-min.png,,2023
7136,1,Orcelite-min.png,,2023
7137,1,Eclaireurorcelite-min.png,,2023
7139,1,Sorcierorcelite-min.png,,2023
7141,1,Orcnoir-min.png,,2023
7143,1,Orcintrepide-min.png,,2023
7144,1,Eclaireurorcintrepide-min.png,,2023
7146,1,Sorcierorcintrepide-min.png,,2023
7148,1,Orcnoirintrepide-min.png,,2023
7153,1,Roiscorpion-min.png,,2023
7154,1,Jeunehommescorpion-min.png,,2023
7156,1,Epeisteserpent-min.png,,2023
7160,1,Jeunearaigneevenimeuse-min.png,,2013
7177,1,Liondeglace-min.png,,2023
7179,1,Yeti-min.png,,2023
7182,1,Pestifere-min.png,,2023
7183,1,Soldatpestifere-min.png,,2023
7184,1,Lancierpestifere-min.png,,2023
7203,1,Seigneurentai-min.png,,2023
7164,1,Tigreminion-min.png,,2023
7169,1,Tigreminionfort-min.png,,2023
7166,1,Tigredecombat-min.png,,2023
7171,1,Tigredecombatfort-min.png,,2023
7204,1,Magicienlemure-min.png,,2023
7206,1,Soldatlemure-min.png,,2023
7186,1,Meduseinfernale-min.png,,2023
7188,1,Zombie-min.png,,2023
7189,1,Officierinfernal-min.png,,2023
7195,1,Lancierinfernal-min.png,,2023
7196,1,Pretreinfernal-min.png,,2023
7197,1,Majorinfernal-min.png,,2023
6006,1,Trollflammeardent-min.png,,2024
6109,1,Seigneuralgide-min.png,,2024
6110,1,Yetidemagma-min.png,,2024
6201,1,Yetidemagma-min.png,,2024
6206,1,Wyvernedemagma-min.png,,2024
3965,1,Tresordelhydre-min.png,,2024
7550,1,Loupdetourinfernalefeu-min.png,,2024
7557,1,Loupdetourinfernaleglace-min.png,,2024
7564,1,Loupdetourinfernalefoudre-min.png,,2024
7571,1,Loupdetourinfernalevent-min.png,,2024
7578,1,Loupdetourinfernaleterre-min.png,,2024
7585,1,Loupdetourinfernaleobscurite-min.png,,2024
7553,1,Sorciertourinfernalefeu-min.png,,2024
7560,1,Sorciertourinfernaleglace-min.png,,2024
7574,1,Sorciertourinfernalevent-min.png,,2024
7567,1,Sorciertourinfernalefoudre-min.png,,2024
7581,1,Sorciertourinfernaleterre-min.png,,2024
7588,1,Sorciertourinfernaleobscurite-min.png,,2024
7555,1,Nigromanttourinfernalefeu-min.png,,2024
7562,1,Nigromanttourinfernaleglace-min.png,,2024
7569,1,Nigromanttourinfernalefoudre-min.png,,2024
7576,1,Nigromanttourinfernalevent-min.png,,2024
7583,1,Nigromanttourinfernaleterre-min.png,,2024
7590,1,Nigromanttourinfernaleobscurite-min.png,,2024
3950,1,Espritgelee-min.png,,2024
3951,1,Espritsurvolte-min.png,,2024
3952,1,Espritobscur-min.png,,2024
3953,1,Elementairegivre-min.png,,2024
3954,1,Soldatmurene-min.png,,2024
4209,1,Capitaineyonghan-min.png,,2024
4225,1,Trollflammeardent-min.png,,2024
4162,1,Messagerredempteur-min.png,,2024
4154,1,Messagerdelaterre-min.png,,2024
4156,1,Messagerdelanuit-min.png,,2024
4157,1,Messagerdutonnerre-min.png,,2024
4158,1,Messagerdesairs-min.png,,2024
4160,1,Guerrierdeladamnation-min.png,,2024
4161,1,Messagerdelamort-min.png,,2024
20483,1,Tresordelhydre-min.png,,2024
20484,1,Tresordelhydre-min.png,,2024
20485,1,Tresordelhydre-min.png,,2024
5202,1,Sangliermaudit-min.png,,2024
5204,1,Oursaffame-min.png,,2024
5205,1,Grizzlyaffame-min.png,,2024
5207,1,Oursbrunmaudit-min.png,,2024
5206,1,Oursnoiraffame-min.png,,2024
5208,1,Tigreaffame-min.png,,2024
5209,1,Tigreblancaffame-min.png,,2024
2037,1,Soldataraigneevenim-min.png,,2024
7594,1,Perredemontourinfer-min.png,,2024
6522,1,Rapace-min.png,,2024
6523,1,Rhino-min.png,,2024
6525,1,Jeunetyranno-min.png,,2024
6532,1,Jeunetyranno-min.png,,2024
6526,1,Petitdorixex-min.png,,2024
6527,1,Petitdorixex-min.png,,2024
4155,1,Messagerdelaterre-min.png,,2024
8001,1,Metindetristesse.png,,2010
8002,1,Metindecombat.png,,2010
8027,1,Metinjeonun.png,,2010
8026,1,Metintuyoung.png,,2010
8025,1,Metinmaan.png,,2010
8024,1,Metinpungma.png,,2010
8014,1,Metindame.png,,2010
8003,1,Metindebataille.png,,2010
8004,1,Metindecupidite.png,,2010
8005,1,Metinnoire.png,,2010
8006,1,Metindestenebres.png,,2010
8007,1,Metinjalousie.png,,2010
8008,1,Metindame.png,,2010
8009,1,Metindelombre.png,,2010
8010,1,Metindecupidite.png,,2010
8011,1,Metinnoire.png,,2010
8012,1,Metindestenebres.png,,2010
8013,1,Metinjalousie.png,,2010
2102,1,Oeilvolant-min.png,,2010
8038,1,Metindelavengeance.png,,2012
8051,1,Metindelobscurite.png,,2013
8052,1,Metindebraise.png,,2013
8053,1,Metindelavanite.png,,2013
8054,1,Metindelacolere.png,,2013
8055,1,Metindumalheur.png,,2013
8056,1,Metindelinfamie.png,,2013
3405,1,Eventreurtritonique-min.png,,2013
8057,1,Metindupurgatoire.png,,2014
8058,1,Metindufroid.png,,2014
8115,1,Metindelombre.png,,2015
8059,1,Metindesetressylv.png,,2015
20399,1,Pilierdudragondunord.png,,2016
8061,1,Metindelaforet.png,,2016
20422,1,Oeufdedragon.png,,2016
8126,1,Metindesetressylv.png,,2020
8127,1,Metindelaforet.png,,2020
8124,1,Metindupurgatoire.png,,2020
4309,1,Evprinceflammeard-min.png,,2020
8125,1,Metindufroid.png,,2020
8134,1,Metindupurgatoire.png,,2020
4411,1,Evrazador-min.png,,2020
20518,1,Pilierdudragondunord.png,,2020
4301,1,Tigreflammeardent-min.png,,2020
4305,1,Evtrollflammeardent-min.png,,2020
4304,1,Roiflammeardent-min.png,,2020
4308,1,Evprinceflammeard-min.png,,2020
4307,1,Evgeneralflammeard-min.png,,2020
4282,1,Evvoyantesetaou-min.png,,2020
4283,1,Evsoldatsetaou-min.png,,2020
4285,1,Evmaitressesetaou-min.png,,2020
4289,1,Capitaineyonghan-min.png,,2020
8136,1,Metindesetressylv.png,,2020
8137,1,Metindelaforet.png,,2020
4345,1,Evseigneurentai-min.png,,2020
4413,1,Evjotunthrym-min.png,,2020
4329,1,Evseigneuralgide-min.png,,2020
20538,1,Pilierdudragondunord.png,,2020
8135,1,Metindufroid.png,,2020
4321,1,Insectealgide-min.png,,2020
4322,1,Hommealgide-min.png,,2020
4323,1,Yetialgide-min.png,,2020
4325,1,Evtrollalgide-min.png,,2020
4327,1,Evgeneralalgide-min.png,,2020
4328,1,Evseigneuralgide-min.png,,2020
4412,1,Evnemere-min.png,,2020
4002,1,Metindelombre.png,,2020
4001,1,Metindelombre.png,,2020
4000,1,Metinnoire.png,,2020
4003,1,Metindesetressylv.png,,2020
4004,1,Metindebataille.png,,2020
4005,1,Metindame.png,,2020
8067,1,Metindelarealisation.png,,2020
8625,1,Posteavancetroll.png,,2020
8062,1,Metindelarealisation.png,,2020
8064,1,Metindeconscience.png,,2021
8066,1,Metindeshiho.png,,2021
8065,1,Metindujin.png,,2021
8626,1,Posteavancemyr1.png,,2022
8627,1,Posteavancemyr2.png,,2022
8063,1,Metindestime.png,,2022
8077,1,Metindeshiho.png,,2022
8076,1,Metinserpenttemporelle.png,,2022
8630,1,Metinserpentardente.png,,2022
8631,1,Metinserpenttransie.png,,2022
8632,1,Metinserpentventeuse.png,,2022
8633,1,Metinserpentterreuse.png,,2022
8634,1,Metinserpenttemporelle.png,,2022
8015,1,Metindecupidite.png,,2022
8016,1,Metinnoire.png,,2022
8017,1,Metindestenebres.png,,2022
7152,1,Oeilvolant-min.png,,2023
8637,1,Portaildinvasionsungm.png,,2023
8641,1,Portaildinvasionsungm.png,,2023
8642,1,Portaildinvasionsungm.png,,2023
8644,1,Portaildinvasionsungm.png,,2023
8643,1,Portaildinvasionsungm.png,,2023
8646,1,Portaildinvasionsungm.png,,2023
8645,1,Portaildinvasionsungm.png,,2023
6118,1,Statuededragon.png,,2023
6209,1,Statuededragon.png,,2023
8018,1,Metinjalousie.png,,2024
8041,1,Metinpascale.png,,2024
8042,1,Metinpascale.png,,2024
8043,1,Metinpascale.png,,2024
8044,1,Metinpascale.png,,2024
8045,1,Metinpascale.png,,2024
8046,1,Metinpascale.png,,2024
8047,1,Metinpascale.png,,2024
8048,1,Metinpascale.png,,2024
8049,1,Metinpascale.png,,2024
8050,1,Metinpascale.png,,2024
8204,1,Metinpascale.png,,2024
8205,1,Metinpascale.png,,2024
8206,1,Metinpascale.png,,2024
4290,1,Capitaineyonghan-min.png,,2024
8640,1,Metindelaredemption.png,,2024
8638,1,Metdamnationsoins.png,,2024
8114,1,Metindame.png,,2024
8150,1,Metindetristesse.png,,2024
8151,1,Metindecombat.png,,2024
8152,1,Metindebataille.png,,2024
8153,1,Metindelombre.png,,2024
8154,1,Metindelombre.png,,2024
8155,1,Metindame.png,,2024
8156,1,Metindelombre.png,,2024
8157,1,Metindestenebres.png,,2024
8158,1,Metindesetressylv.png,,2024
8159,1,Metindelarealisation.png,,2024
7600,1,Metindetristesse.png,,2024
6529,1,Statuedeprimordis.png,,2024
6530,1,Tourexplosive.png,,2024
